stag,event,gender,age,industry,profesi,traffic,coach,head_gender,greywage,way,extraversion,independ,selfcontrol,anxiety,novator,profession
7.030800821,1,m,35,Banks,HR,rabrecNErab,no,f,white,bus,6.2,4.1,5.7,7.1,8.3,HR
22.9650924,1,m,33,Banks,HR,empjs,no,m,white,bus,6.2,4.1,5.7,7.1,8.3,HR
15.93429158,1,f,35,PowerGeneration,HR,rabrecNErab,no,m,white,bus,6.2,6.2,2.6,4.8,8.3,HR
15.93429158,1,f,35,PowerGeneration,HR,rabrecNErab,no,m,white,bus,5.4,7.6,4.9,2.5,6.7,HR
8.410677618,1,m,32,Retail,Commercial,youjs,yes,f,white,bus,3,4.1,8,7.1,3.7,Non-HR
8.969199179,1,f,42,manufacture,HR,empjs,yes,m,white,bus,6.2,6.2,4.1,5.6,6.7,HR
8.969199179,1,f,42,manufacture,HR,empjs,yes,m,white,bus,6.2,6.2,4.1,5.6,6.7,HR
120.4435318,1,f,28,Retail,HR,referal,no,m,white,bus,3.8,5.5,8,4,4.4,HR
8.607802875,1,f,29,Banks,HR,empjs,no,f,white,bus,8.6,6.9,2.6,4,7.5,HR
4.435318275,1,f,30,Consult,Marketing,youjs,yes,m,white,bus,5.4,5.5,3.3,7.9,8.3,Non-HR
67.35112936,1,f,40,manufacture,HR,rabrecNErab,no,m,white,car,8.6,4.1,1.8,7.1,6.7,HR
20.92813142,1,m,23,Banks,HR,referal,yes,m,white,bus,3,6.9,4.9,4.8,7.5,HR
20.92813142,1,f,22,Consult,HR,rabrecNErab,my head,f,white,foot,5.4,8.4,4.9,3.3,6,HR
8.936344969,1,f,24,State,etc,advert,yes,f,white,foot,7,6.2,4.1,7.1,9,Non-HR
33.57700205,1,f,25,etc,HR,KA,my head,f,white,foot,9.4,1.2,4.1,5.6,6.7,HR
16.39425051,1,f,28,Building,HR,youjs,no,m,white,car,8.6,5.5,4.9,4.8,5.2,HR
15.34291581,1,f,30,Banks,HR,rabrecNErab,no,m,white,bus,5.4,5.5,3.3,4.8,6.7,HR
26.4476386,1,f,27,IT,Sales,referal,yes,m,white,bus,5.4,6.9,2.6,5.6,8.3,Non-HR
14.71868583,1,f,36,Banks,HR,referal,yes,f,grey,bus,5.4,6.9,3.3,3.3,7.5,HR
45.37166324,1,f,29,etc,HR,referal,no,m,white,bus,7.8,6.2,6.4,7.9,6,HR
45.37166324,1,f,29,etc,HR,referal,no,m,white,bus,3.8,3.4,5.7,8.7,7.5,HR
36.96098563,1,f,48,State,BusinessDevelopment,empjs,no,f,white,bus,4.6,6.2,4.9,5.6,6.7,Non-HR
22.47227926,1,f,29,Banks,Finanñe,KA,no,f,white,car,7.8,4.8,5.7,7.1,6,Non-HR
59.20328542,1,f,25,Banks,HR,recNErab,yes,f,white,bus,5.4,4.8,7.2,5.6,5.2,HR
59.20328542,1,f,25,Banks,HR,recNErab,yes,f,white,bus,4.6,4.1,8.7,5.6,2.1,HR
12.38603696,1,f,36,Banks,Finanñe,rabrecNErab,no,m,white,car,7.8,6.9,3.3,3.3,7.5,Non-HR
24.3449692,1,f,36,Retail,HR,rabrecNErab,my head,m,white,bus,7.8,2.6,5.7,7.1,5.2,HR
11.95893224,1,m,29,Banks,HR,rabrecNErab,no,f,white,car,3.8,1.9,9.5,7.9,3.7,HR
3.252566735,1,f,35, HoReCa,HR,empjs,my head,f,white,bus,3,7.6,7.2,4,7.5,HR
3.252566735,1,f,35, HoReCa,HR,empjs,my head,f,white,bus,1.4,8.4,8,4.8,6,HR
14.58726899,1,f,21,Telecom,Sales,rabrecNErab,yes,f,white,bus,8.6,4.1,4.9,5.6,6,Non-HR
16.91991786,1,m,35,etc,Sales,youjs,no,m,white,car,4.6,3.4,4.1,8.7,4.4,Non-HR
28.15605749,1,f,25,etc,etc,referal,my head,f,white,bus,3.8,6.9,6.4,7.1,7.5,Non-HR
60.94455852,1,f,30.40033257,Retail,HR,youjs,no,m,white,bus,7,6.2,4.1,2.5,6.7,HR
87.68788501,1,f,29,Consult,HR,rabrecNErab,no,f,white,bus,7,6.2,4.1,4,9,HR
43.4661191,1,f,22,Pharma,HR,rabrecNErab,no,m,white,bus,3,4.1,8.7,7.1,6,HR
22.73511294,1,f,34,Retail,HR,KA,no,m,white,car,5.4,5.5,4.9,4.8,4.4,HR
22.73511294,1,f,34,Retail,HR,KA,no,m,white,car,6.2,6.2,4.9,3.3,2.9,HR
22.73511294,1,f,34,Retail,HR,KA,no,m,white,car,5.4,5.5,4.9,4.8,4.4,HR
22.73511294,1,f,34,Retail,HR,KA,no,m,white,car,6.2,6.2,4.9,3.3,2.9,HR
13.07597536,1,f,21,etc,HR,empjs,no,f,white,bus,5.4,7.6,4.9,3.3,2.1,HR
7.589322382,1,f,22,etc,HR,youjs,yes,f,grey,car,7,4.8,6.4,4,4.4,HR
36.23819302,1,f,32,Retail,HR,youjs,no,m,white,car,3,7.6,7.2,4.8,2.9,HR
19.08829569,1,f,36,Pharma,etc,empjs,no,f,white,car,4.6,7.6,5.7,5.6,8.3,Non-HR
4.369609856,1,f,30,Banks,HR,youjs,no,m,white,bus,6.2,3.4,8,3.3,3.7,HR
80.98562628,1,f,32,Retail,HR,rabrecNErab,my head,m,white,bus,3.8,6.2,8,4,6,HR
9.100616016,1,f,33,Retail,HR,empjs,no,m,white,car,7,4.8,4.1,7.1,8.3,HR
36.92813142,1,f,49,State,BusinessDevelopment,empjs,my head,f,white,bus,4.6,6.2,4.9,5.6,6.7,Non-HR
3.975359343,1,f,29,Retail,HR,empjs,yes,m,white,bus,7.8,5.5,5.7,4,5.2,HR
3.975359343,1,f,29,Retail,HR,empjs,yes,m,white,bus,6.2,6.2,5.7,6.3,2.9,HR
3.975359343,1,f,29,Retail,HR,empjs,yes,m,white,bus,7,6.2,5.7,4,3.7,HR
7.589322382,1,m,36,Mining,HR,empjs,no,m,white,foot,4.6,4.8,7.2,6.3,7.5,HR
95.21149897,1,f,22,State,Teaching,advert,my head,m,white,bus,8.6,4.8,4.9,4,6.7,Non-HR
41.69199179,1,f,21,transport,HR,empjs,yes,f,white,foot,7.8,5.5,2.6,7.1,9,HR
14.9486653,1,f,25,Retail,HR,empjs,no,f,white,bus,8.6,6.2,3.3,6.3,6,HR
50.72689938,1,m,38,manufacture,HR,rabrecNErab,no,m,white,car,6.2,3.4,7.2,6.3,3.7,HR
50.72689938,1,m,38,manufacture,HR,rabrecNErab,no,m,white,car,7,5.5,5.7,6.3,6,HR
35.28542094,1,f,23,Consult,HR,empjs,yes,f,white,bus,10,4.8,4.1,5.6,8.3,HR
35.28542094,1,f,23,Consult,HR,empjs,yes,f,white,bus,8.6,4.8,4.1,6.3,9,HR
35.94250513,1,m,38,Banks,BusinessDevelopment,recNErab,no,m,white,car,8.6,3.4,6.4,4,6,Non-HR
15.57289528,1,f,24,Retail,HR,youjs,no,f,white,foot,6.2,7.6,3.3,3.3,6.7,HR
15.57289528,1,f,24,Retail,HR,youjs,no,f,white,foot,6.2,7.6,3.3,3.3,6.7,HR
52.96098563,1,f,36,manufacture,HR,rabrecNErab,my head,m,white,car,4.6,4.1,8,5.6,6,HR
7.819301848,1,f,21,State,Sales,advert,my head,m,grey,bus,4.6,5.5,7.2,3.3,5.2,Non-HR
81.83983573,1,f,29,Telecom,HR,rabrecNErab,my head,f,white,foot,3.8,6.9,6.4,5.6,8.3,HR
55.72073922,1,f,29,Banks,HR,empjs,my head,f,white,bus,7,6.2,4.1,4,4.4,HR
4.336755647,1,f,26,manufacture,HR,referal,no,f,white,car,3.8,4.8,5.7,7.9,2.9,HR
18.95687885,1,m,36,etc,manage,rabrecNErab,my head,m,white,car,6.2,4.1,6.4,6.3,5.2,Non-HR
18.95687885,1,m,36,etc,manage,rabrecNErab,my head,m,white,car,8.6,2.6,7.2,4.8,4.4,Non-HR
53.81519507,1,f,30.40033257,State,Teaching,recNErab,no,m,white,foot,4.6,9.1,4.1,4,6,Non-HR
90.51334702,1,f,22,State,HR,referal,my head,f,white,bus,6.2,5.5,3.3,6.3,6.7,HR
40.57494867,1,m,29,Banks,Marketing,rabrecNErab,no,f,white,bus,6.2,4.8,6.4,5.6,5.2,Non-HR
59.49897331,1,f,23,State,Teaching,advert,no,f,white,bus,7,5.5,3.3,6.3,5.2,Non-HR
6.603696099,1,m,22,manufacture,manage,advert,no,f,white,foot,7.8,5.5,1,9.4,9,Non-HR
44.78028747,1,f,36,etc,HR,rabrecNErab,no,m,white,bus,7.8,4.8,4.9,5.6,9,HR
6.669404517,1,m,27,State,Teaching,rabrecNErab,no,f,white,bus,6.2,5.5,6.4,4,4.4,Non-HR
15.70431211,0,f,34,Retail,HR,empjs,no,f,white,car,8.6,5.5,4.1,5.6,6.7,HR
15.70431211,0,f,34,Retail,HR,empjs,no,f,white,car,8.6,3.4,4.1,7.1,6,HR
15.70431211,0,f,34,Retail,HR,empjs,no,f,white,car,7.8,4.1,4.1,7.1,6.7,HR
59.20328542,1,f,25,Banks,HR,recNErab,no,f,white,bus,5.4,4.8,7.2,5.6,5.2,HR
59.20328542,1,f,25,Banks,HR,recNErab,no,f,white,bus,4.6,4.1,8.7,5.6,2.1,HR
17.3798768,1,f,24,Consult,HR,rabrecNErab,no,f,white,bus,5.4,6.9,4.9,4,6.7,HR
38.86652977,1,f,27,Retail,etc,referal,yes,m,white,bus,5.4,6.9,2.6,5.6,8.3,Non-HR
7.950718686,1,f,34,Banks,BusinessDevelopment,KA,my head,m,white,car,7,6.2,7.2,2.5,5.2,Non-HR
7.950718686,1,f,34,Banks,BusinessDevelopment,KA,my head,m,white,car,8.6,6.9,5.7,3.3,4.4,Non-HR
96.52566735,1,f,24,IT,HR,KA,no,f,white,bus,6.2,4.8,7.2,4,6.7,HR
86.53798768,1,f,23,State,Teaching,referal,yes,f,white,bus,3.8,6.9,8,1.7,2.1,Non-HR
52.862423,1,f,38,Telecom,HR,youjs,no,m,white,car,4.6,5.5,7.2,6.3,7.5,HR
17.57700205,1,f,25,Banks,HR,empjs,no,m,white,bus,6.2,6.2,5.7,5.6,7.5,HR
17.57700205,1,f,25,Banks,HR,empjs,no,m,white,bus,6.2,7.6,4.1,4.8,9,HR
25.06776181,1,f,28,manufacture,HR,youjs,my head,m,white,bus,6.2,4.8,4.1,4,6.7,HR
86.83367556,1,f,29,manufacture,HR,rabrecNErab,my head,f,white,car,7,5.5,1.8,6.3,6,HR
13.10882957,1,m,26,etc,Commercial,rabrecNErab,no,m,white,car,6.2,4.1,4.9,6.3,2.9,Non-HR
26.18480493,1,m,21,etc,Marketing,referal,no,m,white,bus,4.6,6.9,4.1,5.6,6,Non-HR
9.626283368,1,f,25,Consult,HR,youjs,my head,f,white,bus,5.4,6.9,5.7,3.3,2.9,HR
9.889117043,1,f,25,Consult,HR,youjs,my head,f,white,bus,5.4,6.9,5.7,3.3,2.9,HR
3.351129363,1,f,24,Consult,HR,youjs,no,f,white,bus,4.6,6.9,5.7,5.6,2.9,HR
15.3100616,1,f,31,State,HR,rabrecNErab,no,m,grey,bus,2.2,1,8,8.7,3.7,HR
80.06570842,1,f,45,Retail,HR,empjs,no,f,white,bus,3,5.5,10,6.3,2.9,HR
16.78850103,1,f,21,etc,etc,rabrecNErab,my head,f,white,bus,7,6.9,5.7,4,5.2,Non-HR
19.44969199,1,f,22,etc,HR,youjs,my head,f,white,bus,5.4,6.2,4.1,8.7,8.3,HR
9.034907598,1,f,37,Mining,Commercial,KA,yes,m,white,bus,3.8,7.6,4.9,7.1,9,Non-HR
18.49691992,1,f,32,etc,HR,empjs,my head,m,white,bus,7.8,6.2,3.3,4,8.3,HR
53.19096509,1,f,37,manufacture,HR,rabrecNErab,my head,m,white,bus,7,4.8,5.7,6.3,8.3,HR
42.57905544,1,f,30,Retail,HR,KA,no,f,white,bus,6.2,6.2,5.7,5.6,8.3,HR
23.6550308,1,f,37,transport,HR,youjs,no,m,white,bus,6.2,5.5,5.7,6.3,9,HR
41.29774127,1,f,22,Pharma,HR,rabrecNErab,no,m,white,bus,3.8,1.9,8.7,6.3,4.4,HR
41.29774127,1,f,22,Pharma,HR,rabrecNErab,no,m,white,bus,5.4,2.6,8,7.1,5.2,HR
123.3347023,1,f,22,Banks,IT,referal,my head,m,white,bus,4.6,4.8,6.4,7.1,6,Non-HR
123.3347023,1,f,22,Banks,IT,referal,my head,m,white,bus,4.6,6.2,6.4,4,6.7,Non-HR
13.17453799,1,m,28,Telecom,IT,rabrecNErab,no,m,white,car,8.6,6.2,1,5.6,6.7,Non-HR
13.17453799,1,m,28,Telecom,IT,rabrecNErab,no,m,white,car,7,6.2,2.6,5.6,8.3,Non-HR
14.85010267,1,m,25,manufacture,HR,empjs,my head,f,white,car,6.2,5.5,5.7,5.6,4.4,HR
24.24640657,1,f,23,Building,Marketing,rabrecNErab,my head,f,white,bus,3.8,7.6,7.2,2.5,4.4,Non-HR
12.09034908,1,m,25,Building,HR,youjs,yes,f,white,bus,7,4.8,4.9,5.6,6,HR
11.49897331,1,f,26,Banks,HR,youjs,no,f,white,bus,4.6,6.2,5.7,4,6,HR
11.49897331,1,f,26,Banks,HR,youjs,no,f,white,bus,4.6,5.5,6.4,5.6,5.2,HR
27.36755647,1,m,30,Retail,Sales,youjs,no,m,white,car,7,4.8,1.8,8.7,6.7,Non-HR
15.54004107,1,m,38,IT,IT,referal,no,m,white,car,6.2,4.1,1.8,8.7,8.3,Non-HR
4.960985626,1,f,37,State,Marketing,recNErab,no,f,white,foot,9.4,4.1,4.9,4,8.3,Non-HR
19.8110883,1,f,26,Agriculture,Law,rabrecNErab,no,m,grey,bus,5.4,4.8,8.7,5.6,2.9,Non-HR
103.3921971,1,f,27,Banks,HR,youjs,no,f,white,car,3.8,4.8,9.5,6.3,3.7,HR
3.975359343,1,f,29,Retail,etc,empjs,no,m,white,bus,7.8,5.5,5.7,4,5.2,Non-HR
3.975359343,1,f,29,Retail,etc,empjs,no,m,white,bus,6.2,6.2,5.7,6.3,2.9,Non-HR
3.975359343,1,f,29,Retail,etc,empjs,no,m,white,bus,7,6.2,5.7,4,3.7,Non-HR
70.93223819,1,f,26,manufacture,HR,rabrecNErab,no,m,white,bus,3.8,5.5,8.7,3.3,3.7,HR
70.93223819,1,f,26,manufacture,HR,rabrecNErab,no,m,white,bus,3,6.9,6.4,3.3,2.9,HR
51.94250513,1,f,49,manufacture,HR,empjs,my head,m,white,bus,6.2,8.4,3.3,3.3,6,HR
38.76796715,1,m,21,Banks,HR,recNErab,yes,f,white,foot,7.8,6.2,2.6,5.6,9,HR
38.76796715,1,m,21,Banks,HR,recNErab,yes,f,white,foot,7,3.4,3.3,7.1,8.3,HR
34.95687885,1,m,26,Mining,HR,empjs,yes,f,white,car,4.6,3.4,8.7,7.9,7.5,HR
49.3798768,1,f,22,etc,Marketing,rabrecNErab,no,f,grey,car,5.4,6.9,6.4,4,4.4,Non-HR
25.65913758,1,m,51,Retail,etc,referal,no,m,white,car,3,5.5,9.5,5.6,5.2,Non-HR
50.72689938,1,f,28,manufacture,Finanñe,rabrecNErab,no,m,white,car,7.8,3.4,6.4,4,4.4,Non-HR
22.07802875,1,m,52,Consult,Consult,rabrecNErab,no,m,white,foot,3,9.1,4.9,6.3,6.7,Non-HR
11.07186858,1,f,43,Pharma,HR,youjs,my head,f,white,car,4.6,5.5,3.3,7.9,7.5,HR
50.59548255,1,f,44,manufacture,HR,rabrecNErab,no,m,grey,car,7,6.9,4.9,3.3,6,HR
17.41273101,1,f,45,manufacture,Engineer,rabrecNErab,my head,f,white,bus,3.8,4.1,7.2,5.6,3.7,Non-HR
24.41067762,1,f,27,Building,HR,rabrecNErab,no,f,white,bus,3.8,9.8,4.1,4,9,HR
23.88501027,1,f,26,Retail,HR,youjs,my head,f,white,bus,7,5.5,4.1,4.8,7.5,HR
20.04106776,1,f,25,manufacture,HR,advert,yes,f,white,car,9.4,3.4,1.8,8.7,7.5,HR
150.9979466,1,f,19,Banks,HR,advert,yes,m,white,foot,7,3.4,5.7,7.9,6.7,HR
10.7761807,1,f,31,etc,HR,rabrecNErab,no,m,white,bus,9.4,3.4,1,8.7,9.8,HR
78.68583162,1,f,31,Banks,HR,rabrecNErab,no,f,grey,bus,3.8,4.1,7.2,8.7,2.1,HR
78.68583162,1,f,31,Banks,HR,rabrecNErab,no,f,grey,bus,3.8,4.1,7.2,8.7,2.1,HR
81.18275154,1,f,31,RealEstate,HR,referal,my head,f,white,bus,6.2,4.8,8.7,6.3,5.2,HR
13.40451745,1,f,30.40033257,etc,HR,youjs,no,f,white,bus,6.2,4.1,6.4,6.3,1,HR
13.40451745,1,f,30.40033257,etc,HR,youjs,no,f,white,bus,7,6.9,4.1,6.3,3.7,HR
142.4558522,1,f,18,Retail,HR,advert,no,f,white,bus,6.2,5.5,6.4,4.8,5.2,HR
10.94045175,1,m,33,IT,Consult,youjs,yes,m,white,car,3,10,5.7,6.3,8.3,Non-HR
12.05749487,1,f,36,Retail,Sales,youjs,no,m,white,bus,5.4,4.8,4.9,4.8,6,Non-HR
54.07802875,1,f,31,etc,HR,empjs,my head,m,white,car,3,5.5,7.2,5.6,6,HR
5.650924025,1,f,45,IT,HR,rabrecNErab,no,m,white,car,7.8,4.8,4.1,4,6,HR
19.84394251,1,f,29,Retail,HR,empjs,my head,f,white,car,8.6,6.9,4.9,3.3,6,HR
79.86858316,1,m,23,Banks,HR,rabrecNErab,no,f,white,bus,5.4,5.5,5.7,8.7,5.2,HR
8.772073922,1,f,27,Retail,HR,rabrecNErab,my head,f,white,car,6.2,4.8,6.4,6.3,2.9,HR
19.18685832,1,f,22,Retail,Sales,youjs,yes,m,grey,bus,8.6,4.1,4.9,4.8,5.2,Non-HR
7.589322382,1,m,47,manufacture,Commercial,empjs,no,m,grey,bus,3.8,1.9,8.7,8.7,2.1,Non-HR
7.589322382,1,m,47,manufacture,Commercial,empjs,no,m,grey,bus,4.6,4.1,5.7,9.4,3.7,Non-HR
7.589322382,1,m,47,manufacture,Commercial,empjs,no,m,grey,bus,3,5.5,4.9,9.4,4.4,Non-HR
10.84188912,1,f,30.40033257,Consult,HR,youjs,no,m,white,bus,7.8,5.5,4.9,7.1,6,HR
51.08829569,1,f,28,transport,HR,rabrecNErab,my head,f,white,car,4.6,6.9,4.9,4,6,HR
128.0657084,0,f,43,manufacture,HR,rabrecNErab,my head,m,white,bus,4.6,7.6,4.9,5.6,6,HR
28.35318275,1,m,26,Consult,Consult,referal,no,f,white,bus,8.6,5.5,4.1,7.1,6.7,Non-HR
4.533880903,1,f,31,Retail,Sales,KA,no,f,grey,bus,5.4,5.5,7.2,4.8,1.3,Non-HR
17.93839836,1,m,24,Retail,HR,empjs,my head,f,grey,bus,4.6,7.6,6.4,4.8,6.7,HR
23.45790554,1,f,27,Building,HR,rabrecNErab,no,f,white,bus,3.8,9.8,4.1,4,9,HR
16.22997947,1,m,35,Retail,HR,rabrecNErab,no,m,white,car,6.2,5.5,5.7,4,2.9,HR
16.22997947,1,m,35,Retail,HR,rabrecNErab,no,m,white,car,7,4.8,2.6,5.6,6,HR
71.2936345,1,f,31,PowerGeneration,HR,youjs,my head,f,white,car,5.4,4.1,6.4,4.8,4.4,HR
9.527720739,1,m,23,IT,HR,empjs,no,f,white,bus,7,4.1,6.4,4.8,5.2,HR
17.01848049,1,f,40,Banks,Sales,advert,my head,f,white,car,5.4,4.1,4.9,6.3,7.5,Non-HR
130.9897331,1,f,31,IT,HR,KA,no,m,white,bus,5.4,6.9,3.3,4,8.3,HR
37.09240246,1,f,37,etc,HR,youjs,yes,f,white,bus,6.2,6.2,6.4,5.6,5.2,HR
0.427104723,1,f,24,IT,HR,youjs,yes,f,white,bus,8.6,4.1,4.9,3.3,6,HR
12.8788501,1,f,23,Building,HR,empjs,no,f,grey,bus,5.4,8.4,4.1,4.8,6,HR
12.8788501,1,f,23,Building,HR,empjs,no,f,grey,bus,7.8,5.5,4.1,4.8,5.2,HR
8.147843943,1,f,46,RealEstate,HR,rabrecNErab,no,m,white,car,4.6,7.6,6.4,4,6,HR
7.326488706,1,f,23,Consult,Marketing,youjs,yes,f,white,bus,6.2,4.8,5.7,3.3,3.7,Non-HR
17.93839836,1,f,40,IT,HR,empjs,yes,m,white,bus,3,8.4,7.2,4.8,8.3,HR
14.6201232,1,m,39,manufacture,Engineer,recNErab,no,m,white,car,3.8,4.8,5.7,7.9,3.7,Non-HR
16,1,f,28,Retail,HR,youjs,no,f,white,car,3,5.5,6.4,5.6,3.7,HR
32.45995893,1,m,40,etc,HR,empjs,yes,m,white,car,5.4,3.4,5.7,7.9,9.8,HR
73.49486653,1,m,33,Retail,Finanñe,rabrecNErab,no,f,white,bus,2.2,6.2,6.4,6.3,5.2,Non-HR
73.49486653,1,m,33,Retail,Finanñe,rabrecNErab,no,f,white,bus,3.8,4.1,8,6.3,4.4,Non-HR
11.8275154,1,f,24,Banks,HR,referal,no,f,white,foot,7.8,6.2,4.9,1.7,3.7,HR
46.35728953,1,f,38,Retail,HR,rabrecNErab,no,m,white,bus,6.2,4.1,4.9,5.6,6.7,HR
52.50102669,1,m,35,manufacture,BusinessDevelopment,rabrecNErab,no,m,white,car,5.4,4.8,4.1,7.9,7.5,Non-HR
14.98151951,1,f,33,manufacture,HR,referal,my head,m,white,car,4.6,4.8,7.2,7.9,6,HR
26.21765914,1,f,36,etc,HR,empjs,no,m,white,foot,3,6.9,6.4,4.8,6,HR
26.21765914,1,f,36,etc,HR,empjs,no,m,white,foot,2.2,6.9,8,6.3,3.7,HR
26.21765914,1,f,36,etc,HR,empjs,no,m,white,foot,3,6.9,7.2,4.8,5.2,HR
29.07597536,1,f,22,etc,HR,youjs,yes,f,white,bus,9.4,4.1,4.1,4.8,9,HR
33.3798768,1,f,38,manufacture,HR,rabrecNErab,no,m,white,bus,7.8,2.6,5.7,7.1,5.2,HR
5.848049281,1,f,23,Banks,HR,rabrecNErab,yes,f,white,bus,4.6,6.9,7.2,5.6,4.4,HR
5.848049281,1,f,23,Banks,HR,rabrecNErab,yes,f,white,bus,6.2,4.8,4.9,4.8,3.7,HR
77.53593429,1,f,24,etc,Sales,rabrecNErab,my head,f,white,bus,6.2,5.5,5.7,3.3,2.1,Non-HR
166.275154,1,m,26,Retail,Sales,recNErab,no,m,white,car,3,5.5,5.7,7.1,6.7,Non-HR
107.1704312,1,f,33,etc,etc,advert,no,m,white,bus,5.4,1,9.5,9.4,5.2,Non-HR
19.44969199,1,f,40,Banks,HR,empjs,yes,f,grey,bus,6.2,3.4,8,3.3,3.7,HR
8.640657084,1,f,23,manufacture,manage,KA,no,f,white,car,3.8,4.1,8.7,4,2.9,Non-HR
13.66735113,1,f,27,Retail,HR,youjs,no,m,white,car,8.6,4.8,7.2,4,3.7,HR
6.275154004,1,f,24,PowerGeneration,Sales,empjs,my head,f,white,bus,5.4,6.2,4.1,6.3,9.8,Non-HR
23.19507187,1,f,30,Banks,HR,rabrecNErab,no,f,white,car,5.4,7.6,2.6,5.6,6,HR
16.32854209,1,f,37,Pharma,etc,empjs,no,f,white,car,4.6,7.6,5.7,5.6,8.3,Non-HR
26.11909651,1,f,31,manufacture,HR,rabrecNErab,no,m,grey,bus,3,7.6,4.9,5.6,5.2,HR
35.38398357,1,f,31,Retail,HR,KA,no,m,white,bus,3.8,10,3.3,3.3,6.7,HR
25.98767967,1,f,23,IT,HR,youjs,my head,f,white,bus,1.4,2.6,9.5,8.7,2.1,HR
3.58110883,1,f,40,Banks,HR,empjs,no,f,white,bus,7.8,5.5,2.6,6.3,8.3,HR
3.58110883,1,f,40,Banks,HR,empjs,no,f,white,bus,8.6,5.5,3.3,6.3,7.5,HR
3.58110883,1,f,40,Banks,HR,empjs,no,f,white,bus,7,6.9,4.1,5.6,7.5,HR
1.708418891,1,f,37,etc,Marketing,youjs,no,f,white,bus,4.6,2.6,8.7,4,2.9,Non-HR
25.23203285,1,f,30,Retail,Sales,youjs,no,f,white,bus,4.6,2.6,7.2,6.3,5.2,Non-HR
13.8973306,1,f,38,State,Teaching,referal,no,f,white,foot,3,9.1,4.1,4.8,6,Non-HR
63.11293634,1,m,32,Mining,Law,rabrecNErab,no,f,white,bus,3,4.8,4.1,7.1,7.5,Non-HR
11.30184805,1,f,34,Building,Marketing,referal,no,m,grey,car,9.4,3.4,4.9,3.3,6,Non-HR
11.69609856,1,f,25,manufacture,HR,youjs,my head,f,grey,car,3,4.8,7.2,7.9,5.2,HR
11.69609856,1,f,25,manufacture,HR,youjs,my head,f,grey,car,3,5.5,5.7,7.1,5.2,HR
30.22587269,0,m,33,Retail,HR,empjs,my head,f,white,car,4.6,6.2,8,7.1,5.2,HR
30.22587269,0,m,33,Retail,HR,empjs,my head,f,white,car,5.4,7.6,5.7,7.1,6,HR
38.01232033,0,m,33,Retail,HR,rabrecNErab,my head,m,white,car,3,4.1,8,7.1,3.7,HR
21.61806982,1,m,37,manufacture,manage,rabrecNErab,no,m,grey,bus,3.8,4.8,4.9,7.1,6.7,Non-HR
39.06365503,1,f,31,manufacture,HR,rabrecNErab,my head,f,white,bus,6.2,4.8,4.1,4.8,5.2,HR
138.9404517,0,f,30,RealEstate,BusinessDevelopment,referal,my head,m,white,foot,5.4,6.9,2.6,5.6,8.3,Non-HR
23.6550308,1,m,26,manufacture,Engineer,referal,my head,m,white,bus,4.6,5.5,8.7,5.6,1.3,Non-HR
20.56673511,1,m,33,Banks,etc,youjs,no,m,white,car,6.2,4.1,3.3,8.7,9.8,Non-HR
94.12731006,0,f,25,Retail,HR,youjs,no,m,grey,car,6.2,3.4,6.4,6.3,7.5,HR
2.102669405,0,f,32,etc,Marketing,rabrecNErab,my head,m,white,foot,5.4,5.5,3.3,7.9,8.3,Non-HR
96.65708419,0,f,36,Retail,HR,KA,no,m,white,car,6.2,6.2,5.7,4,5.2,HR
34.49691992,0,f,38,Building,HR,referal,no,m,white,car,1.4,4.8,5.7,6.3,6.7,HR
46.78439425,1,f,23,Retail,Marketing,advert,my head,f,white,car,3,6.2,8.7,4.8,6,Non-HR
80.16427105,1,f,26,State,manage,referal,no,f,white,foot,4.6,5.5,8,4.8,5.2,Non-HR
11.89322382,1,f,24,Banks,HR,rabrecNErab,no,f,white,foot,7.8,6.2,4.9,1.7,3.7,HR
79.86858316,1,f,25,Retail,HR,empjs,no,m,white,bus,7.8,6.9,3.3,3.3,5.2,HR
2.201232033,1,f,33,Banks,HR,rabrecNErab,no,f,white,car,5.4,6.2,7.2,2.5,5.2,HR
16.82135524,0,f,32,Pharma,Sales,rabrecNErab,no,f,white,bus,5.4,7.6,8.7,2.5,2.9,Non-HR
6.045174538,0,f,44,Banks,HR,KA,no,f,white,car,4.6,4.8,8.7,4.8,6,HR
1.741273101,1,f,24,Consult,Consult,youjs,no,f,grey,bus,6.2,4.8,8,4,2.9,Non-HR
24.18069815,1,f,23,manufacture,HR,youjs,my head,f,white,bus,6.2,3.4,6.4,4.8,3.7,HR
38.01232033,0,f,25,manufacture,HR,youjs,no,f,white,bus,6.2,3.4,6.4,4.8,3.7,HR
5.749486653,1,f,34,etc,HR,empjs,no,m,white,car,8.6,5.5,1,6.3,9.8,HR
12.02464066,1,m,30,Retail,Sales,rabrecNErab,no,m,grey,car,5.4,4.1,4.9,6.3,6,Non-HR
8.31211499,1,f,29,State,Teaching,advert,no,f,white,foot,9.4,5.5,3.3,3.3,5.2,Non-HR
15.21149897,1,f,30,Mining,HR,youjs,my head,f,white,car,4.6,6.9,7.2,3.3,6.7,HR
93.9301848,0,f,29,IT,HR,rabrecNErab,no,f,white,bus,4.6,7.6,7.2,2.5,4.4,HR
27.56468172,0,f,26, HoReCa,HR,youjs,my head,f,white,car,3,6.9,7.2,4.8,5.2,HR
49.14989733,1,f,28,Retail,HR,rabrecNErab,my head,m,white,bus,7.8,6.9,4.1,3.3,7.5,HR
86.6036961,1,f,33, HoReCa,HR,youjs,my head,m,white,bus,3.8,8.4,8,4,4.4,HR
86.6036961,1,f,33, HoReCa,HR,youjs,my head,m,white,bus,4.6,9.1,4.9,3.3,2.9,HR
53.35523614,1,f,27,Retail,HR,rabrecNErab,no,m,white,foot,7,5.5,4.9,6.3,8.3,HR
139.0718686,1,f,32,State,Teaching,rabrecNErab,no,f,white,bus,7.8,4.8,4.1,3.3,7.5,Non-HR
28.35318275,1,f,31,Banks,HR,empjs,no,f,grey,bus,7,6.2,1,9.4,7.5,HR
23.12936345,0,f,23,Retail,HR,youjs,yes,f,white,bus,6.2,4.8,7.2,4,6.7,HR
15.14579055,1,m,22,PowerGeneration,etc,recNErab,no,m,white,bus,6.2,2.6,7.2,5.6,6.7,Non-HR
160.0657084,1,f,24,Telecom,HR,referal,no,m,white,bus,1,6.9,9.5,4.8,7.5,HR
19.71252567,1,f,23,Retail,Sales,empjs,my head,f,white,bus,7,4.8,4.1,5.6,6.7,Non-HR
16.82135524,0,f,32,Retail,HR,rabrecNErab,no,f,white,bus,3,4.1,7.2,7.1,8.3,HR
15.86858316,0,m,42,manufacture,BusinessDevelopment,youjs,no,m,white,car,1.4,4.1,9.5,7.1,5.2,Non-HR
70.30800821,1,m,22,PowerGeneration,Marketing,rabrecNErab,no,m,white,bus,5.4,4.1,8.7,4,2.1,Non-HR
2.792607803,1,m,39,Banks,BusinessDevelopment,youjs,no,f,white,bus,7.8,4.8,1.8,8.7,8.3,Non-HR
13.01026694,1,m,34,etc,HR,empjs,no,m,grey,bus,3.8,2.6,8,9.4,6,HR
88.90349076,0,f,30,State,HR,youjs,no,m,white,bus,4.6,2.6,7.2,7.1,6.7,HR
123.0718686,1,f,28,Retail,Marketing,rabrecNErab,no,f,white,car,3,8.4,3.3,7.9,8.3,Non-HR
59.99178645,0,f,31,Retail,BusinessDevelopment,referal,no,m,white,car,4.6,4.8,8,4.8,6.7,Non-HR
59.99178645,0,f,31,Retail,BusinessDevelopment,referal,no,m,white,car,6.2,6.9,7.2,4.8,5.2,Non-HR
26.67761807,1,f,32,etc,HR,youjs,yes,f,white,bus,3,8.4,7.2,6.3,7.5,HR
18.00410678,0,f,40,manufacture,HR,youjs,no,m,white,bus,3,6.9,4.9,5.6,6,HR
16.59137577,1,f,22,IT,manage,youjs,yes,f,white,bus,8.6,6.2,2.6,5.6,9.8,Non-HR
2.759753593,1,f,41,Banks,HR,rabrecNErab,no,m,white,bus,3.8,8.4,2.6,4.8,7.5,HR
23.68788501,1,f,24,manufacture,HR,rabrecNErab,my head,f,grey,bus,3,4.8,7.2,7.9,5.2,HR
23.68788501,1,f,24,manufacture,HR,rabrecNErab,my head,f,grey,bus,3,5.5,5.7,7.1,5.2,HR
16.42710472,1,f,26,etc,Engineer,empjs,no,m,white,bus,6.2,5.5,3.3,6.3,8.3,Non-HR
45.96303901,1,f,36,RealEstate,manage,rabrecNErab,no,m,white,bus,5.4,5.5,7.2,4.8,4.4,Non-HR
12.02464066,1,m,30,Retail,Sales,rabrecNErab,no,m,grey,car,5.4,4.1,4.9,6.3,6,Non-HR
73.65913758,1,f,30,Retail,HR,youjs,yes,f,white,bus,4.6,4.8,5.7,8.7,6,HR
2.759753593,0,f,31,IT,HR,youjs,no,m,white,bus,7,3.4,8,7.9,6,HR
26.94045175,1,f,24,Pharma,HR,empjs,no,f,white,bus,5.4,4.8,4.9,4.8,5.2,HR
2.431211499,1,f,28,IT,HR,youjs,no,f,white,bus,6.2,3.4,4.9,7.9,7.5,HR
68.27104723,1,f,24,etc,PR,referal,no,f,white,foot,7,4.1,2.6,7.9,7.5,Non-HR
68.27104723,1,f,24,etc,PR,referal,no,f,white,foot,7.8,6.2,2.6,5.6,6.7,Non-HR
1.642710472,1,f,44,etc,HR,youjs,no,m,white,bus,4.6,7.6,5.7,2.5,6,HR
76.15605749,0,f,24,Retail,HR,rabrecNErab,yes,m,white,car,7,6.2,1.8,6.3,7.5,HR
12.35318275,1,m,39,Retail,manage,empjs,no,m,white,car,6.2,3.4,6.4,6.3,7.5,Non-HR
58.21765914,0,f,35,Telecom,BusinessDevelopment,referal,my head,f,white,bus,8.6,5.5,3.3,4.8,6.7,Non-HR
32.49281314,1,f,40,Retail,HR,KA,no,m,white,car,6.2,6.2,5.7,4.8,7.5,HR
6.275154004,1,f,30.40033257,Retail,Marketing,youjs,yes,f,white,bus,7.8,6.2,4.9,4,8.3,Non-HR
5.026694045,1,f,26,Banks,HR,youjs,no,f,grey,bus,4.6,6.2,5.7,4,6,HR
5.026694045,1,f,26,Banks,HR,youjs,no,f,grey,bus,4.6,5.5,6.4,5.6,5.2,HR
22.66940452,0,f,31,etc,HR,empjs,no,f,white,bus,5.4,5.5,4.9,5.6,6.7,HR
27.36755647,0,f,26,IT,HR,empjs,yes,f,white,bus,9.4,6.2,2.6,4,6,HR
27.36755647,0,f,26,IT,HR,empjs,yes,f,white,bus,6.2,7.6,4.1,3.3,6.7,HR
150.1437372,1,f,33,Pharma,HR,empjs,no,f,white,car,5.4,3.4,5.7,7.1,5.2,HR
53.2238193,0,f,23,Consult,HR,empjs,yes,f,white,foot,8.6,5.5,2.6,4.8,7.5,HR
5.9137577,0,f,32,Retail,HR,rabrecNErab,no,f,white,bus,3.8,6.2,8,4,6.7,HR
53.97946612,1,m,28,etc,IT,youjs,no,m,white,bus,7.8,6.9,2.6,6.3,7.5,Non-HR
73.82340862,0,f,26,Retail,etc,youjs,no,m,white,car,10,5.5,2.6,6.3,6.7,Non-HR
27.49897331,1,f,27,etc,HR,KA,no,f,white,bus,3.8,1.9,9.5,7.1,2.1,HR
44.48459959,0,m,22,IT,IT,rabrecNErab,my head,m,white,foot,4.6,2.6,6.4,9.4,6,Non-HR
54.01232033,1,m,37,IT,IT,rabrecNErab,no,m,white,bus,10,3.4,3.3,6.3,10,Non-HR
8.574948665,1,m,38,Agriculture,HR,empjs,no,f,white,bus,4.6,4.1,4.1,8.7,8.3,HR
64.29568789,1,m,44,Retail,Sales,youjs,no,m,grey,bus,2.2,5.5,8.7,7.1,6.7,Non-HR
27.23613963,0,f,27,etc,etc,empjs,no,m,white,bus,7,6.9,5.7,3.3,6.7,Non-HR
23.9835729,1,f,23,Agriculture,Consult,referal,yes,m,white,bus,4.6,6.9,7.2,3.3,2.1,Non-HR
23.9835729,1,f,23,Agriculture,Consult,referal,yes,m,white,bus,4.6,6.9,7.2,2.5,2.9,Non-HR
23.9835729,1,f,23,Agriculture,Consult,referal,my head,m,white,bus,4.6,6.9,7.2,3.3,2.1,Non-HR
23.9835729,1,f,23,Agriculture,Consult,referal,my head,m,white,bus,4.6,6.9,7.2,2.5,2.9,Non-HR
37.78234086,1,f,34,Building,HR,youjs,my head,f,white,bus,4.6,2.6,5.7,7.9,7.5,HR
17.80698152,0,m,23,Telecom,Engineer,empjs,no,m,grey,bus,3.8,9.1,8.7,4.8,5.2,Non-HR
95.44147844,0,f,25,Retail,HR,youjs,no,m,grey,bus,6.2,3.4,6.4,6.3,7.5,HR
27.59753593,0,f,26,Retail,HR,recNErab,no,f,white,bus,4.6,6.2,5.7,6.3,4.4,HR
27.59753593,0,f,26,Retail,HR,recNErab,no,f,white,bus,3.8,4.1,8.7,7.9,5.2,HR
72.41067762,0,f,30,Retail,etc,youjs,no,f,grey,bus,6.2,2.6,6.4,5.6,6,Non-HR
2.98973306,1,m,45,Telecom,BusinessDevelopment,friends,my head,m,white,bus,3,8.4,7.2,7.1,6,Non-HR
11.53182752,0,f,31,transport,Consult,friends,no,m,white,bus,5.4,6.2,6.4,4,3.7,Non-HR
11.53182752,0,f,31,transport,Consult,friends,no,m,white,bus,3.8,3.4,8,6.3,6,Non-HR
23.52361396,1,f,36,manufacture,etc,empjs,my head,f,white,foot,4.6,4.1,4.9,5.6,3.7,Non-HR
23.52361396,1,f,36,manufacture,etc,empjs,my head,f,white,foot,6.2,4.8,5.7,4,2.9,Non-HR
40.04928131,0,f,29,PowerGeneration,Commercial,youjs,no,m,grey,car,5.4,6.2,4.1,5.6,8.3,Non-HR
54.04517454,1,f,30,Telecom,HR,youjs,yes,f,white,foot,5.4,4.1,4.9,8.7,7.5,HR
20.92813142,1,f,23,manufacture,Engineer,youjs,yes,m,white,bus,3,6.9,5.7,7.9,5.2,Non-HR
20.92813142,1,f,23,manufacture,Engineer,youjs,yes,m,white,bus,4.6,6.9,7.2,4.8,5.2,Non-HR
11.99178645,1,f,27,Retail,HR,rabrecNErab,yes,f,white,bus,6.2,6.9,3.3,4.8,6.7,HR
44.97741273,1,m,29,Consult,HR,empjs,no,m,white,car,3,4.8,4.9,6.3,7.5,HR
14.22587269,1,f,28,State,manage,rabrecNErab,no,f,white,bus,7,6.9,6.4,2.5,5.2,Non-HR
58.94045175,0,m,46,Consult,HR,advert,no,f,white,bus,3,6.2,8,5.6,3.7,HR
61.73305955,1,m,23,State,Law,referal,my head,m,white,car,4.6,6.9,7.2,3.3,2.1,Non-HR
61.73305955,1,m,23,State,Law,referal,my head,m,white,car,4.6,6.9,7.2,2.5,2.9,Non-HR
140.9445585,0,f,26,Building,HR,rabrecNErab,no,m,white,foot,3.8,1.9,8.7,6.3,4.4,HR
140.9445585,0,f,26,Building,HR,rabrecNErab,no,m,white,foot,5.4,2.6,8,7.1,5.2,HR
6.176591376,1,f,38,transport,HR,youjs,no,m,grey,bus,6.2,6.2,8,2.5,3.7,HR
6.176591376,1,f,38,transport,HR,youjs,no,m,grey,bus,4.6,6.2,8,4,3.7,HR
94.9486653,1,m,26,Retail,IT,friends,no,m,white,bus,3.8,7.6,7.2,7.9,4.4,Non-HR
70.17659138,0,f,31,Retail,HR,youjs,my head,f,white,bus,4.6,5.5,7.2,3.3,2.9,HR
70.17659138,0,f,31,Retail,HR,youjs,my head,f,white,bus,4.6,5.5,7.2,4.8,3.7,HR
57.23203285,1,f,36,Building,HR,KA,no,f,white,bus,3.8,5.5,6.4,5.6,6,HR
45.73305955,0,f,33,PowerGeneration,HR,empjs,my head,f,white,car,7.8,6.2,6.4,7.9,6,HR
45.73305955,0,f,33,PowerGeneration,HR,empjs,my head,f,white,car,3.8,3.4,5.7,8.7,7.5,HR
29.01026694,1,f,28,Building,BusinessDevelopment,referal,no,m,white,foot,9.4,3.4,4.9,3.3,6,Non-HR
11.99178645,1,f,27,Retail,HR,referal,yes,f,white,bus,6.2,6.9,3.3,4.8,6.7,HR
27.36755647,0,f,26,Banks,IT,youjs,my head,m,grey,car,6.2,5.5,4.9,5.6,6.7,Non-HR
105.9219713,0,f,28,Retail,HR,youjs,no,m,white,bus,5.4,3.4,7.2,6.3,3.7,HR
3.449691992,1,f,40,Retail,HR,youjs,no,m,grey,car,6.2,5.5,4.9,4.8,7.5,HR
4.533880903,1,m,23,etc,Marketing,friends,my head,m,white,bus,1.4,9.8,6.4,3.3,6,Non-HR
35.77823409,1,f,22,IT,IT,empjs,my head,m,grey,bus,7,4.1,5.7,5.6,8.3,Non-HR
40.31211499,0,f,29,manufacture,HR,rabrecNErab,my head,m,white,foot,6.2,3.4,4.1,7.9,7.5,HR
40.31211499,0,f,29,manufacture,HR,rabrecNErab,my head,m,white,foot,6.2,3.4,4.1,7.9,7.5,HR
2.201232033,1,m,23,State,etc,rabrecNErab,my head,m,white,bus,6.2,2.6,7.2,6.3,7.5,Non-HR
40.3449692,0,f,29,manufacture,HR,rabrecNErab,my head,m,white,foot,6.2,3.4,4.1,7.9,7.5,HR
40.37782341,0,f,29,manufacture,HR,rabrecNErab,my head,m,white,foot,6.2,3.4,4.1,7.9,7.5,HR
11.23613963,1,m,26,IT,IT,empjs,no,m,white,bus,3.8,4.8,6.4,8.7,6,Non-HR
85.09240246,0,f,26,transport,HR,youjs,yes,f,white,bus,7.8,4.8,6.4,4.8,6,HR
9.823408624,1,m,26,Building,Engineer,empjs,my head,m,white,bus,4.6,5.5,5.7,8.7,6,Non-HR
64.19712526,0,m,19,IT,IT,youjs,no,m,white,bus,4.6,6.2,7.2,5.6,6,Non-HR
14.45585216,0,f,33,Retail,HR,youjs,no,m,grey,bus,6.2,4.8,6.4,2.5,4.4,HR
21.15811088,1,f,24,Consult,Consult,rabrecNErab,my head,f,white,bus,6.2,4.8,8,4,2.9,Non-HR
28.78028747,0,f,31,Retail,Accounting,youjs,no,f,white,bus,7,2.6,7.2,4.8,4.4,Non-HR
155.1704312,1,f,33,Pharma,HR,empjs,no,f,white,car,5.4,3.4,5.7,7.1,5.2,HR
13.86447639,1,f,22,IT,HR,rabrecNErab,no,m,white,bus,7,2.6,7.2,6.3,6,HR
13.01026694,1,f,25,Banks,HR,empjs,my head,m,white,bus,9.4,6.2,3.3,2.5,6.7,HR
2.759753593,0,f,28,Agriculture,HR,friends,no,m,white,bus,6.2,5.5,3.3,6.3,8.3,HR
2.825462012,0,f,32,Telecom,HR,youjs,no,f,white,bus,7,5.5,3.3,7.1,6.7,HR
4.008213552,1,f,22,transport,HR,youjs,no,m,white,bus,2.2,8.4,4.9,7.1,6.7,HR
10.34907598,1,f,37,Consult,Finanñe,empjs,no,m,white,bus,7,7.6,2.6,5.6,8.3,Non-HR
34.03696099,1,f,27,Retail,HR,empjs,no,f,grey,car,7.8,4.8,3.3,5.6,6.7,HR
34.03696099,1,f,27,Retail,HR,empjs,no,f,grey,car,10,4.1,1.8,6.3,8.3,HR
11.95893224,1,f,35,Telecom,HR,empjs,my head,f,white,foot,6.2,4.1,6.4,5.6,6.7,HR
164.5667351,0,f,27,Telecom,Marketing,advert,no,f,white,car,3.8,4.8,4.9,6.3,5.2,Non-HR
32.95277207,1,m,24,Consult,HR,empjs,no,f,white,foot,2.2,4.1,6.4,9.4,6,HR
5.32238193,1,f,25,Banks,HR,youjs,my head,f,grey,bus,5.4,3.4,8,6.3,2.1,HR
40.3449692,1,f,23,Banks,IT,youjs,my head,m,white,bus,5.4,6.2,3.3,4,6,Non-HR
34.23408624,0,f,24,IT,HR,empjs,my head,f,white,bus,8.6,6.9,4.9,1.7,4.4,HR
96,1,m,31,Retail,IT,youjs,no,m,white,bus,4.6,2.6,6.4,10,4.4,Non-HR
7.030800821,1,m,35,Retail,Sales,youjs,no,m,white,foot,5.4,6.2,4.9,4,2.9,Non-HR
26.94045175,1,f,21,State,PR,empjs,no,f,white,bus,3,5.5,7.2,5.6,2.1,Non-HR
115.5482546,0,f,19,Retail,HR,rabrecNErab,yes,f,white,bus,7,6.2,5.7,2.5,5.2,HR
28.58316222,1,f,21,Consult,HR,empjs,yes,f,white,bus,7,9.1,1.8,4.8,6,HR
26.31622177,1,f,24,Building,etc,friends,no,m,grey,bus,5.4,4.1,2.6,7.9,6,Non-HR
29.27310062,0,f,35,Pharma,HR,KA,my head,f,white,bus,5.4,4.8,5.7,4,3.7,HR
57.82340862,1,m,25,Retail,Sales,youjs,my head,m,white,car,7,5.5,4.1,6.3,8.3,Non-HR
133.9137577,1,m,19,manufacture,Accounting,friends,no,f,white,car,6.2,3.4,5.7,7.1,6.7,Non-HR
133.9137577,1,m,19,manufacture,Accounting,friends,no,f,white,car,4.6,6.9,5.7,7.1,5.2,Non-HR
39.72073922,0,f,30.40033257,Banks,HR,friends,my head,f,white,bus,6.2,6.2,4.1,2.5,5.2,HR
38.01232033,0,f,35,manufacture,HR,youjs,no,m,white,bus,7.8,1.9,3.3,4,6.7,HR
27.40041068,0,f,43,State,Law,rabrecNErab,no,m,white,car,4.6,5.5,6.4,4,5.2,Non-HR
25.42915811,1,f,22,Consult,HR,empjs,yes,m,white,bus,6.2,4.8,3.3,7.1,9,HR
32.52566735,1,f,48,Building,HR,rabrecNErab,no,m,white,bus,6.2,6.2,6.4,3.3,6.7,HR
23.2936345,0,f,29,IT,IT,empjs,yes,m,white,car,9.4,6.2,4.1,4.8,7.5,Non-HR
23.2936345,0,f,29,IT,IT,empjs,yes,m,white,car,7,6.2,5.7,4.8,5.2,Non-HR
49.28131417,0,f,33,PowerGeneration,HR,empjs,my head,f,white,car,7.8,6.2,6.4,7.9,6,HR
49.28131417,0,f,33,PowerGeneration,HR,empjs,my head,f,white,car,3.8,3.4,5.7,8.7,7.5,HR
18.1026694,1,f,44,Retail,HR,rabrecNErab,no,m,grey,bus,3,6.9,4.1,7.9,5.2,HR
8.180698152,1,f,24,IT,HR,empjs,my head,m,white,foot,7,5.5,4.9,4.8,2.9,HR
42.48049281,1,f,42,Consult,HR,friends,no,m,white,bus,3,6.9,6.4,5.6,6,HR
42.48049281,1,f,42,Consult,HR,friends,no,m,white,bus,7,6.2,5.7,4.8,4.4,HR
129.8069815,1,f,22,State,Teaching,recNErab,my head,f,grey,bus,3,4.8,5.7,4.8,3.7,Non-HR
8.016427105,1,m,41,IT,IT,rabrecNErab,no,m,white,bus,3.8,4.1,5.7,5.6,4.4,Non-HR
9.100616016,1,f,26,State,HR,referal,no,m,white,car,5.4,6.2,7.2,4.8,6.7,HR
26.15195072,1,m,31,Building,Engineer,youjs,no,m,white,bus,5.4,4.1,8.7,6.3,4.4,Non-HR
66.49691992,1,f,38,Building,HR,youjs,no,m,white,bus,7,4.1,4.9,5.6,6.7,HR
10.02053388,0,m,38,Agriculture,HR,youjs,no,f,white,car,7.8,2.6,4.1,7.9,6.7,HR
6.53798768,1,f,26,Consult,HR,youjs,no,f,grey,bus,7,6.2,4.1,4.8,8.3,HR
0.492813142,0,f,29,Retail,HR,empjs,my head,f,grey,bus,4.6,5.5,1.8,7.1,6.7,HR
0.492813142,0,f,29,Retail,HR,empjs,my head,f,grey,bus,4.6,1,5.7,8.7,2.9,HR
0.492813142,0,f,29,Retail,HR,empjs,my head,f,grey,bus,5.4,4.8,8,9.4,2.9,HR
2.858316222,1,f,38,Building,HR,KA,no,m,white,car,5.4,5.5,4.9,4.8,4.4,HR
2.858316222,1,f,38,Building,HR,KA,no,m,white,car,6.2,6.2,4.9,3.3,2.9,HR
48.45995893,0,m,35,IT,IT,friends,no,m,white,bus,7,5.5,2.6,5.6,9,Non-HR
15.14579055,0,f,39,etc,manage,KA,no,f,white,bus,3.8,7.6,4.9,7.1,9,Non-HR
133.8809035,1,m,19,manufacture,Accounting,rabrecNErab,no,f,white,car,6.2,3.4,5.7,7.1,6.7,Non-HR
133.8809035,1,m,19,manufacture,Accounting,rabrecNErab,no,f,white,car,4.6,6.9,5.7,7.1,5.2,Non-HR
32.88706366,0,f,26,IT,HR,empjs,my head,f,white,bus,9.4,6.2,2.6,4,6,HR
32.88706366,0,f,26,IT,HR,empjs,my head,f,white,bus,6.2,7.6,4.1,3.3,6.7,HR
63.14579055,1,m,32,Mining,Law,friends,no,f,white,bus,3,4.8,4.1,7.1,7.5,Non-HR
8.969199179,1,f,26,State,HR,empjs,yes,m,white,car,5.4,6.2,7.2,4.8,6.7,HR
36.59958932,0,m,33,Retail,HR,empjs,no,f,white,car,4.6,6.2,8,7.1,5.2,HR
36.59958932,0,m,33,Retail,HR,empjs,no,f,white,car,5.4,7.6,5.7,7.1,6,HR
11.76180698,0,f,39,transport,HR,empjs,no,f,white,bus,4.6,4.1,4.9,5.6,3.7,HR
11.76180698,0,f,39,transport,HR,empjs,no,f,white,bus,6.2,4.8,5.7,4,2.9,HR
28.81314168,0,f,23,Retail,HR,empjs,no,m,white,bus,7,4.1,8,4.8,4.4,HR
18.56262834,0,f,24,manufacture,HR,youjs,no,f,white,bus,3.8,7.6,8,4.8,2.9,HR
1.80698152,0,f,26,Banks,Sales,advert,no,f,white,foot,5.4,7.6,4.1,4.8,7.5,Non-HR
1.80698152,0,f,26,Banks,Sales,advert,no,f,white,foot,5.4,7.6,4.1,5.6,9,Non-HR
17.08418891,0,f,34,Banks,HR,youjs,no,f,white,bus,1.4,6.9,8,4,5.2,HR
1.938398357,0,f,26,Banks,Sales,advert,no,f,white,foot,5.4,7.6,4.1,4.8,7.5,Non-HR
1.938398357,0,f,26,Banks,Sales,advert,no,f,white,foot,5.4,7.6,4.1,5.6,9,Non-HR
50.69404517,0,m,32,State,etc,youjs,no,f,white,car,3.8,3.4,7.2,10,5.2,Non-HR
41.65913758,0,f,29,Retail,HR,empjs,my head,f,white,bus,6.2,6.9,8.7,3.3,2.9,HR
103.5893224,0,f,21,Retail,HR,empjs,no,f,grey,bus,2.2,4.8,8.7,7.9,5.2,HR
103.5893224,0,f,21,Retail,HR,empjs,no,f,grey,bus,3.8,3.4,8.7,7.1,3.7,HR
2.135523614,0,f,26,Banks,Sales,advert,no,f,white,foot,5.4,7.6,4.1,4.8,7.5,Non-HR
2.135523614,0,f,26,Banks,Sales,advert,no,f,white,foot,5.4,7.6,4.1,5.6,9,Non-HR
2.168377823,0,f,26,Banks,Sales,advert,no,f,white,foot,5.4,7.6,4.1,4.8,7.5,Non-HR
2.168377823,0,f,26,Banks,Sales,advert,no,f,white,foot,5.4,7.6,4.1,5.6,9,Non-HR
13.14168378,1,m,42,etc,Marketing,empjs,no,f,grey,bus,2.2,6.9,3.3,6.3,3.7,Non-HR
2.431211499,0,f,35,Telecom,HR,empjs,no,f,grey,bus,7,3.4,3.3,6.3,7.5,HR
49.34702259,1,m,42,Consult,Consult,youjs,my head,m,white,bus,5.4,8.4,6.4,5.6,5.2,Non-HR
79.11293634,0,m,28,IT,HR,youjs,no,m,white,bus,2.2,5.5,7.2,4.8,3.7,HR
35.84394251,0,f,27,PowerGeneration,HR,youjs,no,m,white,foot,3,2.6,6.4,7.1,7.5,HR
35.84394251,0,f,27,PowerGeneration,HR,youjs,no,m,white,foot,3,5.5,4.1,7.1,8.3,HR
12.81314168,1,m,33,Building,Sales,KA,no,m,grey,car,7.8,3.4,7.2,4,5.2,Non-HR
2.234086242,0,f,26,Banks,Sales,advert,no,f,white,foot,5.4,7.6,4.1,4.8,7.5,Non-HR
2.234086242,0,f,26,Banks,Sales,advert,no,f,white,foot,5.4,7.6,4.1,5.6,9,Non-HR
17.11704312,0,f,31,transport,manage,friends,my head,m,white,bus,5.4,6.2,6.4,4,3.7,Non-HR
17.11704312,0,f,31,transport,manage,friends,my head,m,white,bus,3.8,3.4,8,6.3,6,Non-HR
23.95071869,1,f,32,manufacture,HR,recNErab,my head,f,white,car,4.6,6.9,4.9,5.6,6,HR
11.86036961,0,f,25,Retail,HR,youjs,no,m,white,car,7.8,4.8,5.7,4.8,5.2,HR
5.848049281,0,f,33,manufacture,HR,KA,no,m,white,bus,5.4,9.1,4.1,2.5,6,HR
24.0164271,1,f,28,transport,HR,empjs,no,m,white,bus,3.8,4.8,9.5,4.8,2.1,HR
43.99178645,1,m,26,etc,Engineer,friends,no,m,white,bus,7.8,6.9,4.1,6.3,7.5,Non-HR
20.69815195,1,f,40,Building,HR,rabrecNErab,my head,m,white,car,2.2,8.4,6.4,4.8,6.7,HR
29.8973306,0,f,26,IT,HR,friends,my head,m,white,bus,4.6,6.9,8,4,4.4,HR
31.14579055,0,m,21,Retail,Sales,rabrecNErab,yes,m,white,bus,7.8,4.1,2.6,5.6,8.3,Non-HR
1.347022587,0,f,27,Retail,HR,youjs,my head,m,white,bus,7,4.8,6.4,4.8,7.5,HR
23.9835729,1,f,29,Mining,HR,rabrecNErab,no,m,white,bus,4.6,5.5,5.7,4.8,7.5,HR
32.45995893,0,f,25,Retail,Marketing,youjs,yes,f,white,bus,8.6,5.5,3.3,5.6,9.8,Non-HR
64.29568789,1,m,44,Retail,Commercial,youjs,no,m,white,bus,3,2.6,10,9.4,4.4,Non-HR
21.35523614,1,m,31,RealEstate,Marketing,youjs,my head,f,grey,car,7.8,4.1,4.1,7.9,7.5,Non-HR
11.69609856,1,f,36,Telecom,HR,youjs,no,f,white,car,7,4.1,6.4,5.6,8.3,HR
54.07802875,1,f,30,State,HR,friends,yes,f,white,foot,5.4,4.1,4.9,8.7,7.5,HR
42.0862423,0,f,31,State,HR,rabrecNErab,no,f,white,bus,1.4,7.6,7.2,4,2.9,HR
27.40041068,0,f,22,Consult,HR,youjs,my head,f,white,bus,6.2,5.5,2.6,5.6,8.3,HR
1.117043121,1,f,54,Pharma,HR,rabrecNErab,no,m,white,car,4.6,8.4,5.7,4,4.4,HR
1.117043121,1,f,54,Pharma,HR,rabrecNErab,no,m,white,car,4.6,8.4,5.7,4,4.4,HR
42.38193018,1,f,36,manufacture,HR,youjs,my head,f,white,bus,6.2,4.8,5.7,8.7,7.5,HR
5.782340862,1,f,32,Retail,HR,friends,no,f,grey,car,6.2,6.2,1.8,5.6,9,HR
43.30184805,0,f,33,Banks,HR,empjs,no,f,white,bus,7,6.2,1,9.4,7.5,HR
53.09240246,0,f,23,Retail,etc,recNErab,my head,m,white,bus,6.2,6.9,4.9,2.5,2.9,Non-HR
17.60985626,1,f,41,Banks,HR,empjs,no,m,white,bus,7.8,5.5,2.6,6.3,8.3,HR
17.60985626,1,f,41,Banks,HR,empjs,no,m,white,bus,8.6,5.5,3.3,6.3,7.5,HR
17.60985626,1,f,41,Banks,HR,empjs,no,m,white,bus,7,6.9,4.1,5.6,7.5,HR
26.0862423,1,f,30,Banks,HR,youjs,no,f,white,bus,8.6,6.9,2.6,4,7.5,HR
16.65708419,0,f,26,manufacture,HR,empjs,no,m,white,bus,8.6,5.5,4.1,4,3.7,HR
70.83367556,1,f,23,Banks,HR,rabrecNErab,yes,f,white,car,6.2,9.1,4.1,3.3,6.7,HR
70.83367556,1,f,23,Banks,HR,rabrecNErab,yes,f,white,car,7,7.6,3.3,3.3,6.7,HR
99.77823409,0,f,42,etc,HR,youjs,no,f,white,foot,5.4,4.8,6.4,6.3,4.4,HR
42.94045175,1,f,25,State,manage,friends,no,m,white,bus,4.6,6.2,6.4,4,4.4,Non-HR
19.58110883,1,f,23,Telecom,HR,empjs,no,f,white,bus,3.8,4.8,7.2,5.6,4.4,HR
96,1,f,22,etc,Sales,recNErab,my head,m,white,foot,7,1.9,6.4,6.3,4.4,Non-HR
44.22176591,0,f,29,Retail,HR,empjs,my head,f,white,bus,6.2,6.9,8.7,3.3,2.9,HR
104.0164271,0,f,37,Retail,HR,friends,no,m,white,bus,5.4,4.8,6.4,7.1,4.4,HR
67.84394251,1,m,24,Building,HR,friends,yes,m,white,car,5.4,5.5,5.7,8.7,5.2,HR
0.919917864,1,m,26,etc,HR,youjs,yes,f,white,bus,6.2,5.5,6.4,4,3.7,HR
48.45995893,1,f,34,manufacture,manage,KA,no,f,white,car,7,2.6,7.2,4.8,5.2,Non-HR
15.73716632,1,f,27,Agriculture,Marketing,empjs,yes,m,white,bus,7,6.9,2.6,4,5.2,Non-HR
16.06570842,0,f,28,Retail,HR,youjs,my head,f,grey,bus,4.6,5.5,1.8,7.1,6.7,HR
16.06570842,0,f,28,Retail,HR,youjs,my head,f,grey,bus,4.6,1,5.7,8.7,2.9,HR
16.06570842,0,f,28,Retail,HR,youjs,my head,f,grey,bus,5.4,4.8,8,9.4,2.9,HR
37.38809035,0,f,20,etc,HR,KA,no,f,white,bus,7.8,7.6,4.1,4,5.2,HR
44.02464066,1,m,26,State,IT,empjs,my head,m,white,bus,4.6,3.4,6.4,7.1,6,Non-HR
12.78028747,1,f,27,IT,HR,youjs,my head,m,white,bus,6.2,6.2,4.9,5.6,6,HR
106.8418891,1,f,22,Telecom,HR,referal,no,f,white,car,7,3.4,4.1,6.3,8.3,HR
50.20123203,0,f,31,manufacture,HR,KA,my head,m,white,car,8.6,4.8,4.1,2.5,4.4,HR
6.143737166,1,f,31,manufacture,HR,youjs,my head,m,grey,car,5.4,5.5,6.4,6.3,6.7,HR
45.8973306,1,f,31,etc,HR,empjs,no,m,white,car,5.4,8.4,2.6,5.6,7.5,HR
80.65708419,1,f,37,Building,HR,friends,no,m,white,car,2.2,7.6,8,4,2.1,HR
49.31416838,1,m,42,IT,Consult,youjs,my head,m,white,bus,5.4,8.4,6.4,5.6,5.2,Non-HR
20.04106776,1,f,22,Retail,HR,empjs,no,f,white,bus,5.4,4.8,4.9,7.1,6.7,HR
20.04106776,1,f,22,Retail,HR,empjs,no,f,white,bus,4.6,1.9,8,6.3,6,HR
4.435318275,1,m,40,Agriculture,Sales,empjs,no,m,white,bus,4.6,4.1,7.2,10,5.2,Non-HR
24.21355236,0,f,23,transport,HR,empjs,yes,m,white,bus,5.4,5.5,8,2.5,4.4,HR
3.58110883,1,f,34,Retail,BusinessDevelopment,rabrecNErab,no,f,white,bus,3,7.6,4.9,5.6,5.2,Non-HR
83.58110883,0,m,33,State,Sales,rabrecNErab,no,m,white,car,7,6.2,4.1,6.3,9,Non-HR
18.49691992,1,f,46,Building,HR,friends,no,m,white,car,3.8,5.5,4.9,5.6,5.2,HR
73.13347023,0,f,22,Retail,HR,empjs,yes,f,white,bus,3.8,6.2,5.7,7.9,9,HR
76.68172485,0,f,25,Mining,Finanñe,rabrecNErab,no,f,white,car,6.2,6.2,6.4,5.6,3.7,Non-HR
82.82546201,1,f,23,Banks,HR,rabrecNErab,yes,f,white,car,6.2,9.1,4.1,3.3,6.7,HR
82.82546201,1,f,23,Banks,HR,rabrecNErab,yes,f,white,car,7,7.6,3.3,3.3,6.7,HR
28.84599589,1,m,31,Retail,Sales,empjs,my head,m,grey,bus,6.2,6.9,6.4,3.3,6.7,Non-HR
5.289527721,0,f,25,State,HR,youjs,no,f,white,bus,9.4,4.8,3.3,7.1,9,HR
149.6180698,0,f,30,RealEstate,BusinessDevelopment,referal,my head,m,white,car,5.4,6.9,2.6,5.6,8.3,Non-HR
109.2402464,0,f,22,State,HR,advert,my head,f,white,foot,5.4,5.5,7.2,4,2.9,HR
35.74537988,1,f,35,Retail,HR,empjs,no,m,white,bus,5.4,7.6,4.9,4,6,HR
50.98973306,1,f,24,Consult,HR,empjs,my head,f,white,bus,7.8,5.5,3.3,7.9,8.3,HR
109.1088296,0,f,29,Retail,HR,advert,no,m,white,car,4.6,3.4,9.5,4.8,2.1,HR
10.51334702,0,m,36,manufacture,Engineer,friends,my head,m,white,bus,7.8,2.6,4.1,8.7,6.7,Non-HR
129.2813142,0,m,33,manufacture,Engineer,recNErab,my head,m,white,bus,5.4,8.4,4.1,4.8,6.7,Non-HR
34.59548255,0,f,34,Retail,HR,empjs,no,f,white,car,8.6,5.5,4.1,5.6,6.7,HR
34.59548255,0,f,34,Retail,HR,empjs,no,f,white,car,8.6,3.4,4.1,7.1,6,HR
34.59548255,0,f,34,Retail,HR,empjs,no,f,white,car,7.8,4.1,4.1,7.1,6.7,HR
51.1211499,0,f,28,Retail,HR,youjs,no,f,white,car,5.4,5.5,6.4,2.5,4.4,HR
15.11293634,0,f,45,State,HR,rabrecNErab,no,f,white,bus,6.2,6.2,3.3,6.3,8.3,HR
15.11293634,0,f,45,State,HR,rabrecNErab,no,f,white,bus,4.6,4.8,4.1,7.9,9,HR
9.790554415,1,f,41,Retail,HR,empjs,no,m,white,bus,3,6.9,6.4,4.8,6,HR
9.790554415,1,f,41,Retail,HR,empjs,no,m,white,bus,2.2,6.9,8,6.3,3.7,HR
9.790554415,1,f,41,Retail,HR,empjs,no,m,white,bus,3,6.9,7.2,4.8,5.2,HR
3.121149897,1,f,41,Consult,HR,youjs,no,f,white,bus,1.4,4.8,8.7,5.6,2.1,HR
3.121149897,1,f,41,Consult,HR,youjs,no,f,white,bus,3,8.4,8,3.3,2.1,HR
38.17659138,0,m,33,Retail,HR,empjs,my head,f,white,bus,2.2,7.6,6.4,4.8,7.5,HR
30.02874743,1,f,22,Banks,HR,youjs,yes,f,white,bus,6.2,4.8,4.9,4.8,6.7,HR
5.092402464,0,f,29,Retail,HR,empjs,my head,f,grey,bus,4.6,5.5,1.8,7.1,6.7,HR
5.092402464,0,f,29,Retail,HR,empjs,my head,f,grey,bus,4.6,1,5.7,8.7,2.9,HR
5.092402464,0,f,29,Retail,HR,empjs,my head,f,grey,bus,5.4,4.8,8,9.4,2.9,HR
34.0698152,1,f,34,manufacture,Marketing,referal,no,m,grey,car,9.4,3.4,4.9,3.3,6,Non-HR
40.60780287,0,m,33,Retail,HR,empjs,no,f,white,car,4.6,6.2,8,7.1,5.2,HR
40.60780287,0,m,33,Retail,HR,empjs,no,f,white,car,5.4,7.6,5.7,7.1,6,HR
10.51334702,0,f,28,Agriculture,HR,friends,no,f,white,bus,6.2,5.5,3.3,6.3,8.3,HR
33.93839836,1,f,27,Retail,HR,friends,my head,f,white,bus,5.4,3.4,3.3,8.7,8.3,HR
33.93839836,1,f,27,Retail,HR,friends,my head,f,white,bus,6.2,6.2,7.2,3.3,3.7,HR
10.7761807,1,f,35,transport,Commercial,empjs,no,f,white,car,7.8,5.5,1.8,5.6,8.3,Non-HR
59.86036961,1,f,27,Retail,HR,youjs,my head,m,white,bus,6.2,6.9,4.1,5.6,6,HR
24.83778234,1,f,42,transport,HR,youjs,no,m,white,bus,5.4,4.8,4.1,4.8,6,HR
33.87268994,0,f,22,Retail,manage,youjs,no,f,white,bus,6.2,9.1,4.9,3.3,2.9,Non-HR
53.58521561,0,f,40,RealEstate,HR,youjs,no,f,white,foot,3.8,8.4,8,4,4.4,HR
53.58521561,0,f,40,RealEstate,HR,youjs,no,f,white,foot,4.6,9.1,4.9,3.3,2.9,HR
1.971252567,0,m,31,Banks,IT,recNErab,no,m,grey,car,6.2,4.1,2.6,8.7,8.3,Non-HR
0.788501027,0,f,43,etc,HR,youjs,no,m,white,bus,3,6.2,8,7.1,4.4,HR
57.62628337,0,f,23,etc,Sales,empjs,my head,f,white,bus,5.4,6.2,9.5,5.6,5.2,Non-HR
23.45790554,0,f,29,Retail,HR,youjs,my head,m,white,bus,7.8,5.5,5.7,4,5.2,HR
23.45790554,0,f,29,Retail,HR,youjs,my head,m,white,bus,6.2,6.2,5.7,6.3,2.9,HR
23.45790554,0,f,29,Retail,HR,youjs,my head,m,white,bus,7,6.2,5.7,4,3.7,HR
46.9486653,0,f,22,State,HR,rabrecNErab,my head,f,white,car,4.6,9.1,6.4,5.6,6,HR
15.40862423,1,f,44,State,HR,rabrecNErab,my head,f,grey,car,3.8,6.2,5.7,5.6,6.7,HR
39.2936345,0,m,21,IT,IT,friends,my head,m,white,foot,3.8,5.5,5.7,7.9,3.7,Non-HR
47.6386037,0,m,40,IT,Sales,rabrecNErab,no,m,white,car,1.4,6.9,9.5,6.3,1.3,Non-HR
3.811088296,1,f,32,etc,Marketing,youjs,no,m,white,bus,3.8,6.2,6.4,4,6,Non-HR
66.7926078,0,m,31,Banks,etc,friends,no,m,white,bus,4.6,7.6,4.1,4,6,Non-HR
13.8973306,1,f,23,etc,HR,friends,my head,f,white,bus,4.6,8.4,6.4,2.5,2.1,HR
108.550308,1,m,27,Building,HR,referal,no,m,white,car,3.8,6.2,8,5.6,6,HR
86.66940452,0,f,25,manufacture,HR,youjs,my head,f,white,bus,4.6,7.6,9.5,2.5,1.3,HR
86.66940452,0,f,25,manufacture,HR,youjs,my head,f,white,bus,5.4,5.5,7.2,5.6,2.9,HR
18.33264887,1,m,39,Banks,Finanñe,rabrecNErab,my head,m,white,bus,3.8,7.6,6.4,4.8,5.2,Non-HR
133.4209446,1,f,29,Retail,Sales,rabrecNErab,no,m,white,car,5.4,6.9,2.6,7.9,6.7,Non-HR
8.180698152,1,f,24,Consult,HR,youjs,no,f,white,bus,6.2,3.4,7.2,2.5,3.7,HR
8.180698152,1,f,24,Consult,HR,youjs,no,f,white,bus,6.2,5.5,7.2,7.1,4.4,HR
13.33880903,1,f,33,manufacture,HR,youjs,yes,m,white,car,9.4,5.5,1.8,4.8,6.7,HR
55.78644764,1,f,27,Retail,Sales,friends,yes,m,white,bus,4.6,6.9,7.2,2.5,6.7,Non-HR
12.97741273,1,f,29,Consult,HR,advert,my head,f,white,foot,3.8,4.8,6.4,7.9,6.7,HR
32.32854209,0,f,29,manufacture,HR,friends,no,f,white,bus,3.8,4.8,6.4,7.9,6.7,HR
163.8110883,1,m,19,manufacture,HR,referal,no,m,white,car,4.6,5.5,6.4,7.9,6,HR
31.96714579,1,m,29,Consult,HR,empjs,my head,m,white,bus,4.6,3.4,10,6.3,1,HR
4.862422998,0,f,27,manufacture,HR,youjs,no,m,white,car,5.4,4.1,5.7,7.1,3.7,HR
13.73305955,0,f,29,manufacture,HR,rabrecNErab,no,f,white,bus,6.2,3.4,4.9,7.9,7.5,HR
51.94250513,0,m,33,PowerGeneration,etc,rabrecNErab,no,f,white,car,6.2,4.8,4.9,5.6,5.2,Non-HR
22.57084189,1,f,30,RealEstate,HR,rabrecNErab,no,m,grey,bus,7.8,3.4,4.9,5.6,5.2,HR
19.44969199,0,f,31,etc,HR,empjs,my head,f,white,bus,7,2.6,4.1,8.7,5.2,HR
73.98767967,0,m,33,Telecom,IT,friends,yes,m,white,car,7,6.2,3.3,6.3,7.5,Non-HR
8.739219713,0,m,34,manufacture,HR,youjs,my head,f,white,bus,9.4,7.6,1,4,5.2,HR
48.45995893,1,f,34,Mining,manage,KA,no,f,white,bus,7,2.6,7.2,4.8,5.2,Non-HR
14.85010267,1,m,29,PowerGeneration,HR,rabrecNErab,no,f,white,bus,3.8,3.4,8,6.3,6,HR
63.54004107,1,f,31,Building,Marketing,rabrecNErab,no,m,white,car,3.8,5.5,3.3,9.4,9,Non-HR
49.31416838,1,m,42,Consult,Consult,youjs,my head,m,white,bus,5.4,8.4,6.4,5.6,5.2,Non-HR
13.27310062,1,f,34,Mining,HR,empjs,no,m,white,car,6.2,4.8,4.1,5.6,6.7,HR
17.83983573,1,f,39,Retail,HR,rabrecNErab,yes,m,white,car,6.2,7.6,4.1,2.5,4.4,HR
114.1355236,1,f,38,Mining,Finanñe,referal,no,m,white,bus,3.8,3.4,9.5,7.1,2.9,Non-HR
8.147843943,0,f,42,Banks,HR,rabrecNErab,no,f,white,bus,3.8,8.4,2.6,4.8,7.5,HR
8.082135524,1,f,33,manufacture,HR,referal,my head,m,grey,car,7.8,6.9,2.6,4.8,8.3,HR
26.94045175,1,f,44,transport,HR,referal,no,m,white,car,3.8,6.2,4.9,6.3,10,HR
1.478439425,1,m,28,transport,Commercial,referal,no,m,white,bus,6.2,3.4,6.4,8.7,6,Non-HR
94.81724846,0,f,30.40033257,Retail,HR,advert,no,f,grey,bus,6.2,4.1,4.1,6.3,7.5,HR
12.78028747,1,f,24,etc,HR,empjs,my head,f,white,bus,8.6,4.8,4.1,6.3,5.2,HR
19.87679671,1,f,29,manufacture,HR,empjs,no,m,white,car,6.2,6.2,4.9,4.8,7.5,HR
34.82546201,0,m,27,etc,Sales,youjs,yes,m,grey,bus,10,2.6,4.1,5.6,9,Non-HR
96.72279261,1,m,30,Retail,Sales,KA,no,m,white,car,6.2,7.6,4.9,4.8,8.3,Non-HR
12.12320329,1,f,39, HoReCa,HR,youjs,no,m,white,foot,3.8,6.9,5.7,5.6,3.7,HR
10.64476386,1,f,26,Telecom,IT,youjs,my head,m,grey,bus,7,4.1,2.6,8.7,9,Non-HR
4.402464066,0,m,40,State,Consult,KA,no,m,grey,foot,7,6.2,4.1,6.3,9,Non-HR
2.36550308,0,f,28,Building,HR,empjs,my head,m,white,bus,7,6.9,2.6,4,5.2,HR
17.51129363,0,f,39,transport,HR,youjs,no,f,white,bus,4.6,4.1,4.9,5.6,3.7,HR
17.51129363,0,f,39,transport,HR,youjs,no,f,white,bus,6.2,4.8,5.7,4,2.9,HR
18.16837782,0,f,24,Retail,HR,friends,my head,f,white,bus,5.4,4.8,4.9,7.1,6.7,HR
18.16837782,0,f,24,Retail,HR,friends,my head,f,white,bus,4.6,1.9,8,6.3,6,HR
10.38193018,0,f,34,etc,etc,empjs,my head,f,white,car,6.2,1,7.2,4.8,6,Non-HR
7.852156057,0,f,23,transport,HR,youjs,my head,f,white,bus,4.6,7.6,8,5.6,2.1,HR
84.04106776,0,m,28,IT,HR,youjs,no,m,white,bus,2.2,5.5,7.2,4.8,3.7,HR
8.213552361,0,f,30,transport,HR,youjs,no,m,white,bus,6.2,6.2,6.4,3.3,4.4,HR
9.593429158,1,f,34,State,Teaching,referal,no,f,white,bus,7.8,7.6,3.3,2.5,7.5,Non-HR
43.92607803,1,f,32,transport,HR,rabrecNErab,my head,m,white,bus,6.2,4.8,2.6,5.6,9.8,HR
82.75975359,0,f,20,Telecom,HR,recNErab,yes,f,white,foot,3.8,6.9,5.7,6.3,6.7,HR
27.92607803,0,f,25,Consult,HR,empjs,no,f,white,bus,7,4.1,5.7,5.6,8.3,HR
3.811088296,1,f,23,etc,HR,rabrecNErab,yes,m,white,bus,7,4.8,7.2,4.8,4.4,HR
48.09856263,1,f,25,State,Consult,rabrecNErab,yes,f,white,bus,7,4.1,5.7,6.3,7.5,Non-HR
8.640657084,1,f,25,Retail,IT,empjs,no,f,grey,bus,7,2.6,6.4,7.9,5.2,Non-HR
30.68583162,0,f,37,IT,HR,empjs,my head,f,white,bus,5.4,6.9,5.7,5.6,6.7,HR
26.34907598,0,m,36,transport,etc,empjs,no,m,grey,bus,3.8,8.4,5.7,6.3,6,Non-HR
18.13552361,0,f,23,PowerGeneration,HR,rabrecNErab,no,m,white,bus,7,5.5,4.1,4.8,6,HR
7.227926078,0,f,26,State,HR,youjs,no,m,white,bus,7.8,6.2,3.3,7.1,6.7,HR
23.2936345,1,f,32,Consult,HR,friends,no,f,white,car,6.2,6.2,7.2,3.3,2.9,HR
100.238193,0,f,23,Retail,HR,rabrecNErab,no,m,white,car,5.4,5.5,5.7,4.8,9.8,HR
36.00821355,0,f,45,transport,HR,recNErab,no,f,white,car,4.6,4.8,4.9,8.7,5.2,HR
19.18685832,1,f,25,Consult,HR,empjs,my head,f,grey,bus,7,4.8,5.7,4.8,5.2,HR
43.95893224,0,f,38,Retail,HR,friends,no,m,white,bus,7.8,7.6,2.6,5.6,7.5,HR
90.15195072,0,f,20,Telecom,HR,referal,my head,f,white,bus,9.4,6.9,2.6,3.3,7.5,HR
22.24229979,1,f,34,Retail,HR,empjs,no,m,white,car,7.8,4.1,2.6,4.8,4.4,HR
33.57700205,0,f,24,IT,HR,empjs,no,m,white,bus,6.2,6.2,4.9,3.3,4.4,HR
5.94661191,0,f,38,Retail,BusinessDevelopment,youjs,no,m,white,car,7,4.8,4.1,7.1,9,Non-HR
19.74537988,0,f,33,Pharma,HR,rabrecNErab,no,m,white,bus,5.4,6.9,4.1,4.8,6,HR
26.02053388,1,m,25,Retail,IT,referal,no,m,white,car,2.2,7.6,5.7,7.9,6,Non-HR
25.36344969,0,f,32,manufacture,HR,KA,no,m,white,car,6.2,6.9,5.7,4.8,8.3,HR
41.69199179,1,f,36,manufacture,Sales,KA,no,m,grey,car,8.6,4.8,1.8,7.1,8.3,Non-HR
23.55646817,1,f,32,etc,HR,youjs,my head,f,white,bus,5.4,6.9,7.2,7.9,6.7,HR
80.49281314,1,f,25,Consult,HR,youjs,my head,f,white,bus,6.2,6.2,5.7,3.3,6.7,HR
22.01232033,0,m,37,manufacture,etc,youjs,no,m,white,bus,3,8.4,5.7,5.6,6.7,Non-HR
42.38193018,1,f,26,Consult,BusinessDevelopment,empjs,my head,m,white,bus,9.4,6.9,3.3,3.3,6,Non-HR
33.41273101,0,m,32,Retail,HR,youjs,no,m,white,bus,4.6,2.6,6.4,8.7,6,HR
64.52566735,0,f,25,etc,HR,KA,my head,m,white,foot,7.8,4.1,6.4,4,3.7,HR
3.482546201,1,f,37,IT,HR,empjs,yes,f,white,bus,6.2,6.9,5.7,6.3,5.2,HR
88.83778234,1,f,25,transport,HR,referal,my head,f,white,car,4.6,6.9,4.9,4,6,HR
110.4887064,0,f,25,Pharma,HR,friends,my head,f,white,bus,10,1.9,2.6,7.1,9.8,HR
14.06160164,0,f,56,Retail,HR,empjs,no,m,white,bus,4.6,6.2,4.9,5.6,6.7,HR
11.99178645,1,m,24,State,Teaching,rabrecNErab,no,f,white,bus,6.2,4.1,5.7,5.6,3.7,Non-HR
101.5195072,0,f,32,IT,HR,rabrecNErab,no,f,white,bus,4.6,7.6,4.1,4.8,6,HR
179.449692,0,f,24,Retail,HR,KA,no,f,white,bus,7,4.8,2.6,5.6,8.3,HR
12.38603696,0,f,24,Pharma,HR,youjs,yes,f,white,bus,5.4,6.9,5.7,5.6,4.4,HR
24.90349076,0,f,24,manufacture,HR,youjs,no,m,white,bus,3.8,7.6,8,4.8,2.9,HR
61.99589322,0,m,31,Banks,HR,youjs,no,f,white,car,5.4,4.8,8.7,5.6,4.4,HR
24.47638604,0,f,27,Building,HR,empjs,no,m,white,bus,8.6,5.5,4.9,3.3,3.7,HR
63.70431211,0,f,37,manufacture,HR,KA,no,m,white,foot,6.2,6.9,3.3,7.1,6.7,HR
5.388090349,1,f,38,Retail,HR,rabrecNErab,no,m,white,car,1.4,4.1,7.2,6.3,7.5,HR
64.75564682,0,f,35,Consult,HR,friends,my head,f,white,foot,7,6.2,7.2,2.5,5.2,HR
64.75564682,0,f,35,Consult,HR,friends,my head,f,white,foot,8.6,6.9,5.7,3.3,4.4,HR
2.694045175,0,m,29,PowerGeneration,HR,friends,no,f,white,bus,7,5.5,8,5.6,8.3,HR
2.39835729,0,m,25,Retail,Marketing,youjs,no,f,white,car,6.2,2.6,5.7,5.6,6.7,Non-HR
26.87474333,1,f,26,Consult,HR,youjs,my head,f,white,bus,8.6,4.1,4.9,5.6,5.2,HR
144.7556468,0,f,27,manufacture,HR,referal,no,f,white,car,5.4,9.1,3.3,4.8,6,HR
45.30595483,1,f,34,Retail,HR,youjs,no,f,white,bus,7,1.9,9.5,5.6,6,HR
45.30595483,1,f,34,Retail,HR,youjs,no,f,white,bus,6.2,2.6,8.7,6.3,6,HR
45.30595483,1,f,34,Retail,HR,youjs,no,f,white,bus,5.4,2.6,10,3.3,3.7,HR
45.30595483,1,f,34,Retail,HR,youjs,no,f,white,bus,4.6,5.5,10,2.5,5.2,HR
6.078028747,0,f,35, HoReCa,HR,youjs,no,f,white,bus,5.4,5.5,7.2,5.6,2.9,HR
22.63655031,1,f,36,PowerGeneration,Accounting,empjs,no,f,white,bus,7.8,1.9,4.1,7.1,9,Non-HR
96.59137577,0,f,46,etc,Marketing,friends,no,m,white,bus,4.6,8.4,4.9,7.9,6,Non-HR
10.90759754,1,f,32,Building,HR,rabrecNErab,my head,m,white,car,7.8,5.5,4.9,6.3,9,HR
16.95277207,0,f,38,Retail,HR,youjs,no,f,white,foot,7,1.9,9.5,5.6,6,HR
16.95277207,0,f,38,Retail,HR,youjs,no,f,white,foot,6.2,2.6,8.7,6.3,6,HR
16.95277207,0,f,38,Retail,HR,youjs,no,f,white,foot,5.4,2.6,10,3.3,3.7,HR
16.95277207,0,f,38,Retail,HR,youjs,no,f,white,foot,4.6,5.5,10,2.5,5.2,HR
61.2073922,0,f,25,etc,HR,youjs,no,f,white,bus,6.2,6.2,3.3,6.3,6.7,HR
9.264887064,1,f,23,Retail,HR,youjs,no,f,white,bus,7,5.5,3.3,4.8,6.7,HR
81.64271047,0,f,31,Retail,HR,youjs,yes,f,white,bus,4.6,5.5,7.2,3.3,2.9,HR
81.64271047,0,f,31,Retail,HR,youjs,yes,f,white,bus,4.6,5.5,7.2,4.8,3.7,HR
55.95071869,0,f,40,etc,HR,youjs,no,f,white,foot,3.8,8.4,8,4,4.4,HR
55.95071869,0,f,40,etc,HR,youjs,no,f,white,foot,4.6,9.1,4.9,3.3,2.9,HR
49.7412731,0,m,40,IT,Sales,friends,no,m,white,car,1.4,6.9,9.5,6.3,1.3,Non-HR
57.10061602,0,m,26,Building,HR,friends,my head,m,white,car,4.6,6.9,4.9,5.6,6.7,HR
163.7782341,0,m,23,Retail,HR,empjs,no,f,white,car,4.6,6.2,8,7.1,5.2,HR
163.7782341,0,m,23,Retail,HR,empjs,no,f,white,car,5.4,7.6,5.7,7.1,6,HR
54.01232033,1,m,37,IT,IT,rabrecNErab,no,m,white,bus,7.8,4.8,2.6,5.6,9.8,Non-HR
23.75359343,0,f,34,Banks,HR,youjs,no,f,white,bus,3.8,6.9,7.2,5.6,5.2,HR
1.412731006,1,f,29,Banks,HR,youjs,my head,f,white,bus,4.6,4.1,6.4,4.8,4.4,HR
59.89322382,1,f,27,Retail,HR,youjs,my head,m,white,car,6.2,6.9,4.1,5.6,6,HR
27.4661191,0,f,31,Consult,Marketing,rabrecNErab,no,m,white,foot,5.4,5.5,3.3,7.9,8.3,Non-HR
89.19917864,1,m,18,Retail,Sales,referal,my head,m,white,bus,7.8,5.5,2.6,7.1,7.5,Non-HR
47.21149897,0,f,31, HoReCa,HR,rabrecNErab,no,f,white,car,7,4.8,6.4,4,6.7,HR
21.48665298,0,f,27,Retail,HR,empjs,my head,m,white,bus,5.4,7.6,6.4,4,4.4,HR
8.344969199,0,f,35,etc,HR,rabrecNErab,no,f,white,bus,5.4,6.9,7.2,7.9,6.7,HR
48.19712526,0,f,39,manufacture,HR,rabrecNErab,my head,f,white,bus,3,7.6,9.5,3.3,4.4,HR
48.19712526,0,f,39,manufacture,HR,rabrecNErab,my head,f,white,bus,3,7.6,8,4,1.3,HR
42.18480493,0,f,27,PowerGeneration,HR,youjs,no,m,white,bus,3,2.6,6.4,7.1,7.5,HR
42.18480493,0,f,27,PowerGeneration,HR,youjs,no,m,white,bus,3,5.5,4.1,7.1,8.3,HR
39.22792608,1,f,37,Retail,HR,friends,no,f,white,car,6.2,6.9,4.1,6.3,8.3,HR
39.22792608,1,f,37,Retail,HR,friends,no,f,white,car,3.8,9.1,4.9,5.6,7.5,HR
39.22792608,1,f,37,Retail,HR,friends,no,f,white,car,6.2,6.9,4.1,6.3,8.3,HR
39.22792608,1,f,37,Retail,HR,friends,no,f,white,car,3.8,9.1,4.9,5.6,7.5,HR
43.69609856,0,f,36,IT,HR,youjs,my head,f,white,bus,5.4,6.9,5.7,5.6,6.7,HR
14.22587269,0,f,31,IT,HR,friends,my head,f,white,bus,6.2,6.2,5.7,3.3,6.7,HR
33.90554415,0,f,23,Retail,HR,empjs,my head,f,white,bus,6.2,4.1,8,4,4.4,HR
70.34086242,0,f,31,manufacture,HR,friends,my head,f,white,bus,1.4,7.6,8,5.6,1,HR
39.88501027,0,m,22,etc,HR,youjs,no,f,white,bus,8.6,2.6,6.4,6.3,6.7,HR
144.5913758,1,m,30,Retail,Finanñe,friends,no,f,white,bus,8.6,2.6,4.9,7.1,7.5,Non-HR
15.17864476,0,f,45,Retail,HR,friends,no,f,white,foot,3.8,6.9,8,6.3,5.2,HR
57.65913758,0,f,33,PowerGeneration,HR,empjs,my head,f,white,car,7.8,6.2,6.4,7.9,6,HR
57.65913758,0,f,33,PowerGeneration,HR,empjs,my head,f,white,car,3.8,3.4,5.7,8.7,7.5,HR
47.96714579,1,f,33,Banks,HR,empjs,no,f,white,bus,7,6.2,1,9.4,7.5,HR
42.25051335,1,f,18,Banks,HR,rabrecNErab,my head,f,white,bus,6.2,6.2,4.1,2.5,5.2,HR
12.68172485,1,f,36,PowerGeneration,HR,youjs,my head,m,white,bus,6.2,5.5,5.7,5.6,6.7,HR
15.93429158,0,f,41,Retail,HR,youjs,no,m,grey,bus,7.8,7.6,4.1,1.7,5.2,HR
29.47022587,1,f,29,Banks,HR,friends,no,f,white,bus,6.2,5.5,4.9,5.6,9.8,HR
1.18275154,0,f,50,Pharma,BusinessDevelopment,youjs,no,m,grey,car,4.6,6.2,8,4.8,5.2,Non-HR
56.73921971,0,f,34, HoReCa,HR,youjs,no,f,white,car,6.2,4.1,7.2,4.8,1,HR
116.7310062,1,m,38,Retail,Commercial,KA,yes,m,white,car,7.8,9.1,2.6,4,9,Non-HR
39.68788501,0,f,25,IT,HR,youjs,no,m,white,bus,6.2,6.9,2.6,5.6,7.5,HR
49.87268994,1,f,30.40033257,State,Finanñe,referal,no,m,grey,bus,10,5.5,4.1,4,7.5,Non-HR
12.22176591,1,m,27,Retail,Sales,youjs,my head,m,white,car,3.8,3.4,2.6,10,9,Non-HR
19.28542094,1,f,38,Retail,Commercial,empjs,no,m,white,car,7,6.9,4.1,4,6.7,Non-HR
43.86036961,0,f,29,Retail,HR,youjs,no,f,white,car,8.6,6.2,4.9,4.8,9,HR
131.613963,0,f,26,Telecom,IT,youjs,my head,m,white,car,3,6.9,4.9,6.3,6,Non-HR
13.9301848,0,f,27,manufacture,HR,empjs,no,f,white,bus,7,4.8,6.4,4.8,4.4,HR
18.92402464,0,m,43,Consult,IT,referal,no,m,white,foot,6.2,4.1,5.7,7.1,8.3,Non-HR
81.83983573,1,m,34,Retail,Commercial,KA,no,m,white,car,3.8,3.4,7.2,8.7,7.5,Non-HR
16.75564682,0,f,31,etc,HR,rabrecNErab,no,f,grey,bus,8.6,4.8,2.6,7.9,6.7,HR
20.69815195,0,f,27,manufacture,HR,friends,no,m,white,bus,7.8,4.8,1.8,6.3,6,HR
51.31827515,0,f,28,manufacture,HR,youjs,my head,f,white,car,7,4.8,5.7,2.5,4.4,HR
6.242299795,0,f,21,Consult,HR,friends,yes,f,grey,bus,7,6.2,4.1,4.8,6.7,HR
7.030800821,1,f,39,State,HR,friends,no,f,white,car,7,4.1,2.6,7.9,7.5,HR
7.030800821,1,f,39,State,HR,friends,no,f,white,car,7.8,6.2,2.6,5.6,6.7,HR
2.266940452,1,f,39,State,Teaching,rabrecNErab,no,m,grey,bus,2.2,6.9,8.7,6.3,5.2,Non-HR
26.54620123,1,f,27,Retail,Sales,referal,my head,m,white,bus,8.6,7.6,1,5.6,10,Non-HR
79.01437372,1,m,29,Retail,IT,referal,yes,m,white,car,1.4,4.1,10,4.8,1.3,Non-HR
0.525667351,0,f,49,Telecom,HR,friends,no,m,white,car,5.4,2.6,4.1,6.3,6.7,HR
140.2217659,0,m,27,Retail,BusinessDevelopment,referal,no,m,white,car,3.8,6.2,4.1,7.9,5.2,Non-HR
26.57905544,1,f,28,Banks,HR,youjs,no,f,white,foot,3.8,9.1,6.4,4.8,6.7,HR
25.52772074,1,f,27,Consult,Sales,rabrecNErab,my head,m,grey,bus,7,4.8,4.9,5.6,6.7,Non-HR
5.125256674,0,m,23,Consult,HR,empjs,my head,m,white,bus,4.6,6.2,4.9,6.3,8.3,HR
40.11498973,0,m,41,IT,IT,friends,no,m,white,car,1.4,6.9,9.5,6.3,1.3,Non-HR
32.32854209,0,m,49,PowerGeneration,IT,friends,no,m,grey,car,3,3.4,8.7,5.6,3.7,Non-HR
1.708418891,0,m,30,IT,IT,friends,my head,m,white,bus,6.2,4.8,7.2,4.8,3.7,Non-HR
50.29979466,0,f,21,Banks,HR,youjs,my head,f,grey,bus,4.6,6.9,7.2,7.1,1.3,HR
70.50513347,1,f,24,manufacture,HR,referal,no,f,white,bus,7.8,5.5,7.2,5.6,3.7,HR
14.58726899,1,f,34,Retail,HR,youjs,my head,m,white,car,3.8,4.8,6.4,7.9,6.7,HR
37.15811088,1,m,38,Retail,HR,rabrecNErab,no,f,white,bus,7,3.4,5.7,8.7,5.2,HR
27.33470226,0,f,32,etc,Sales,empjs,no,m,white,bus,7.8,5.5,2.6,4,7.5,Non-HR
32.85420945,1,f,58,Retail,Accounting,youjs,no,m,white,bus,5.4,4.8,6.4,4.8,6,Non-HR
5.453798768,0,m,29,PowerGeneration,HR,friends,no,f,white,bus,7,5.5,8,5.6,8.3,HR
79.54004107,0,m,23,IT,IT,youjs,my head,m,white,car,4.6,5.5,8.7,4.8,4.4,Non-HR
12.64887064,0,f,36,IT,HR,recNErab,yes,m,white,bus,4.6,6.9,4.9,5.6,6,HR
20.30390144,0,f,45,State,HR,rabrecNErab,no,f,grey,bus,6.2,6.2,3.3,6.3,8.3,HR
20.30390144,0,f,45,State,HR,rabrecNErab,no,f,grey,bus,4.6,4.8,4.1,7.9,9,HR
10.48049281,1,f,28,Consult,HR,youjs,my head,m,white,bus,7,4.1,3.3,4.8,6.7,HR
11.03901437,1,f,37,Mining,HR,rabrecNErab,no,m,white,bus,4.6,4.8,8,5.6,8.3,HR
128.1314168,0,f,32,Building,HR,KA,no,m,white,bus,7.8,6.9,4.1,3.3,7.5,HR
5.585215606,0,m,37,IT,IT,rabrecNErab,my head,m,white,bus,6.2,6.9,4.1,4,8.3,Non-HR
61.07597536,0,m,29,IT,IT,rabrecNErab,no,m,white,bus,1,5.5,10,7.1,2.9,Non-HR
110.0287474,0,f,25,Retail,HR,youjs,my head,m,white,car,6.2,3.4,6.4,6.3,7.5,HR
52.27104723,0,m,27,Retail,IT,KA,no,m,white,bus,3.8,6.2,4.1,9.4,6.7,Non-HR
5.650924025,0,f,42,IT,IT,KA,no,m,white,foot,1.4,7.6,8.7,4.8,5.2,Non-HR
22.66940452,1,m,32,IT,IT,empjs,no,m,white,car,1.4,7.6,9.5,6.3,5.2,Non-HR
6.275154004,0,m,28,Banks,IT,rabrecNErab,yes,m,white,bus,2.2,7.6,5.7,5.6,2.9,Non-HR
10.61190965,0,m,40,State,Finanñe,rabrecNErab,no,f,white,car,4.6,7.6,5.7,6.3,7.5,Non-HR
23.81930185,1,m,22,Building,Consult,friends,yes,m,white,bus,7,4.8,2.6,7.1,6.7,Non-HR
50.89117043,1,m,34,IT,IT,referal,no,f,white,car,3.8,3.4,5.7,7.9,6.7,Non-HR
38.53798768,0,m,40,IT,IT,empjs,no,m,white,car,3.8,6.2,8.7,6.3,4.4,Non-HR
16.62422998,0,m,24,IT,IT,empjs,yes,m,white,bus,5.4,4.8,6.4,5.6,3.7,Non-HR
28.02464066,0,m,34,IT,IT,referal,no,m,white,foot,6.2,1.2,7.2,6.3,9,Non-HR
31.50718686,0,m,29,IT,IT,youjs,no,m,white,bus,3.8,2.6,6.4,7.9,8.3,Non-HR
5.158110883,0,m,40,Consult,IT,friends,no,m,white,foot,3.8,4.1,7.2,8.7,6.7,Non-HR
4.928131417,0,f,23,IT,HR,rabrecNErab,yes,m,white,bus,5.4,4.8,5.7,7.1,6.7,HR
12.68172485,1,f,36,PowerGeneration,HR,youjs,my head,m,white,bus,6.2,5.5,5.7,5.6,6.7,HR
40.87063655,1,m,35,IT,IT,referal,yes,m,white,car,6.2,7.6,4.1,6.3,6.7,Non-HR
36.59958932,0,m,24,IT,IT,empjs,yes,m,white,car,5.4,1.9,6.4,9.4,6,Non-HR
103.7207392,0,f,34,Retail,Accounting,rabrecNErab,no,f,white,car,4.6,3.4,8,5.6,5.2,Non-HR
9.199178645,1,m,44,IT,Engineer,empjs,no,m,white,bus,7,7.6,6.4,6.3,6,Non-HR
16.78850103,0,f,29,Banks,HR,friends,my head,f,white,bus,3.8,7.6,8,6.3,4.4,HR
34.29979466,0,m,34,manufacture,HR,referal,my head,f,white,bus,7.8,4.8,7.2,6.3,7.5,HR
16.85420945,0,m,28,IT,IT,empjs,my head,m,white,bus,4.6,4.8,5.7,6.3,4.4,Non-HR
16.62422998,0,f,23,Retail,HR,youjs,no,f,white,bus,3,4.8,6.4,5.6,3.7,HR
42.61190965,0,f,37,transport,HR,youjs,no,m,white,bus,4.6,6.2,8,4.8,6,HR
16.65708419,0,m,29,Mining,HR,empjs,no,f,white,foot,2.2,7.6,6.4,9.4,6,HR
16.65708419,0,m,29,Mining,HR,empjs,no,f,white,foot,2.2,5.5,7.2,7.1,6.7,HR
82.7926078,0,m,23,Retail,Sales,empjs,my head,m,white,bus,6.2,2.6,8.7,4.8,5.2,Non-HR
1.839835729,0,f,32,Retail,HR,youjs,no,f,white,bus,4.6,4.1,6.4,5.6,6,HR
73.42915811,0,f,29,Retail,Commercial,friends,my head,m,white,foot,4.6,4.8,7.2,6.3,2.9,Non-HR
0.394250513,1,m,36,IT,IT,empjs,no,m,white,foot,3.8,7.6,2.6,7.9,4.4,Non-HR
123.6960986,0,f,32,manufacture,HR,friends,no,m,grey,car,3.8,9.1,4.9,4.8,6,HR
12.97741273,1,f,26,Consult,HR,empjs,my head,m,grey,bus,7.8,6.9,4.1,4,4.4,HR
7.819301848,0,f,30,Retail,HR,referal,no,m,white,car,5.4,3.4,3.3,8.7,8.3,HR
7.819301848,0,f,30,Retail,HR,referal,no,m,white,car,6.2,6.2,7.2,3.3,3.7,HR
155.3675565,0,f,30,RealEstate,Sales,referal,my head,m,white,foot,5.4,6.9,2.6,5.6,8.3,Non-HR
15.70431211,0,f,24,Mining,HR,advert,yes,f,white,bus,5.4,4.1,6.4,6.3,2.1,HR
19.31827515,0,m,28,IT,IT,referal,no,m,white,bus,4.6,4.8,7.2,6.3,5.2,Non-HR
20.99383984,0,f,26,Consult,HR,empjs,no,m,white,bus,10,4.1,1,7.1,7.5,HR
2.792607803,0,f,41,manufacture,HR,friends,no,f,white,bus,7,4.8,3.3,5.6,7.5,HR
37.12525667,1,f,38,manufacture,HR,KA,my head,m,white,car,3,3.4,7.2,5.6,5.2,HR
18.16837782,1,f,24,Consult,HR,youjs,no,f,white,bus,5.4,6.9,7.2,2.5,4.4,HR
11.66324435,0,f,37,Telecom,HR,youjs,no,f,white,foot,7,4.1,6.4,5.6,8.3,HR
5.092402464,0,f,47,manufacture,HR,recNErab,no,f,white,car,5.4,7.6,4.9,4.8,6.7,HR
22.70225873,0,f,26,Retail,HR,rabrecNErab,my head,f,white,car,5.4,5.5,4.9,7.9,6.7,HR
3.778234086,0,f,46,manufacture,HR,friends,no,f,white,bus,3,4.1,6.4,5.6,5.2,HR
3.449691992,0,f,30,IT,HR,empjs,no,m,white,bus,6.2,7.6,3.3,6.3,7.5,HR
11.03901437,1,f,37,Retail,HR,rabrecNErab,no,m,white,car,7,6.2,3.3,5.6,9,HR
9.034907598,0,f,30,IT,HR,referal,my head,m,white,bus,5.4,3.4,3.3,8.7,8.3,HR
9.034907598,0,f,30,IT,HR,referal,my head,m,white,bus,6.2,6.2,7.2,3.3,3.7,HR
24.83778234,0,f,34,IT,HR,friends,no,m,white,bus,5.4,4.1,3.3,7.9,7.5,HR
5.519507187,0,f,23,Retail,HR,youjs,my head,f,white,bus,4.6,6.9,5.7,4.8,9,HR
32.26283368,1,f,35,manufacture,HR,youjs,no,m,white,car,5.4,4.1,4.1,7.1,7.5,HR
52.66529774,1,f,42,manufacture,HR,empjs,no,m,white,bus,7.8,5.5,8.7,4.8,6,HR
4.041067762,0,f,41,manufacture,HR,friends,no,m,white,bus,3,3.4,7.2,5.6,5.2,HR
30.78439425,0,f,41,Agriculture,HR,empjs,no,m,white,car,7.8,2.6,4.1,6.3,4.4,HR
4.960985626,0,f,42,IT,HR,youjs,my head,m,white,bus,7.8,5.5,2.6,6.3,8.3,HR
4.960985626,0,f,42,IT,HR,youjs,my head,m,white,bus,8.6,5.5,3.3,6.3,7.5,HR
4.960985626,0,f,42,IT,HR,youjs,my head,m,white,bus,7,6.9,4.1,5.6,7.5,HR
39.26078029,1,f,37,Retail,HR,friends,no,f,white,car,6.2,6.9,4.1,6.3,8.3,HR
39.26078029,1,f,37,Retail,HR,friends,no,f,white,car,3.8,9.1,4.9,5.6,7.5,HR
38.70225873,0,f,33,Retail,HR,referal,my head,m,white,car,5.4,4.1,6.4,5.6,6.7,HR
2.036960986,1,f,48,PowerGeneration,HR,empjs,no,f,white,bus,6.2,4.8,5.7,8.7,7.5,HR
105.1663244,0,f,34,Retail,Accounting,rabrecNErab,no,f,white,car,4.6,3.4,8,5.6,5.2,Non-HR
7.162217659,0,f,23,Consult,etc,youjs,my head,m,white,foot,4.6,7.6,4.9,5.6,5.2,Non-HR
13.10882957,1,f,21,PowerGeneration,HR,youjs,my head,f,grey,bus,3.8,6.9,8.7,4,6.7,HR
8.410677618,0,m,24,IT,IT,empjs,no,m,white,bus,3.8,4.1,4.1,8.7,6,Non-HR
3.876796715,0,f,21,IT,HR,advert,no,m,white,bus,7,4.8,4.1,5.6,8.3,HR
12.25462012,0,f,38,Consult,HR,youjs,my head,f,white,bus,2.2,8.4,7.2,3.3,5.2,HR
37.9137577,0,f,34,Telecom,HR,youjs,yes,f,white,bus,3,6.2,8.7,5.6,7.5,HR
32.88706366,0,f,27,Pharma,HR,rabrecNErab,my head,m,white,bus,3,5.5,10,6.3,4.4,HR
3.58110883,0,f,32,Retail,Sales,youjs,no,m,white,car,7,4.1,8.7,3.3,1,Non-HR
43.8275154,1,f,27,etc,HR,youjs,my head,f,white,bus,5.4,6.2,5.7,5.6,6.7,HR
22.37371663,1,f,31,IT,IT,youjs,my head,m,white,bus,5.4,5.5,7.2,4.8,5.2,Non-HR
4.073921971,1,f,26,Retail,Sales,referal,my head,f,grey,bus,5.4,7.6,2.6,4.8,9,Non-HR
12.32032854,0,m,28,IT,IT,friends,no,m,white,foot,2.2,5.5,8.7,5.6,6,Non-HR
17.18275154,1,f,24,Retail,HR,youjs,my head,f,white,bus,6.2,4.8,7.2,4,6.7,HR
49.80698152,0,m,34,manufacture,HR,KA,no,m,white,car,5.4,4.1,8,7.1,8.3,HR
49.80698152,0,m,34,manufacture,HR,KA,no,m,white,car,3,5.5,7.2,7.9,6,HR
85.48665298,0,f,22,Retail,Commercial,referal,no,f,white,bus,7,5.5,6.4,4.8,2.9,Non-HR
30.35728953,0,f,30,transport,HR,empjs,no,m,white,bus,3.8,3.4,7.2,7.9,2.9,HR
78.32443532,0,f,27,Consult,Consult,advert,no,m,white,bus,6.2,3.4,5.7,4.8,8.3,Non-HR
24.24640657,0,f,30,State,HR,rabrecNErab,my head,f,white,bus,5.4,9.8,3.3,5.6,6.7,HR
24.08213552,1,f,42,transport,HR,empjs,no,m,white,bus,5.4,4.8,4.1,4.8,6,HR
0.689938398,0,f,24,Mining,HR,youjs,no,f,white,bus,4.6,7.6,7.2,2.5,3.7,HR
9.429158111,0,m,36,PowerGeneration,HR,rabrecNErab,no,m,white,bus,7,4.8,4.1,4,4.4,HR
15.01437372,0,f,30,IT,HR,friends,no,m,white,car,9.4,4.1,3.3,5.6,7.5,HR
59.40041068,0,f,24,Retail,HR,youjs,yes,f,white,bus,8.6,4.1,4.9,7.9,5.2,HR
91.99178645,1,f,39,Banks,HR,referal,no,m,white,car,5.4,9.1,3.3,2.5,8.3,HR
11.8275154,0,m,35,State,HR,empjs,no,f,white,bus,3.8,4.8,7.2,5.6,6.7,HR
19.1211499,0,m,39,Retail,IT,friends,my head,f,white,car,7.8,3.4,3.3,7.1,6.7,Non-HR
20.89527721,0,m,27,Consult,HR,youjs,my head,m,white,bus,3,4.8,6.4,7.1,7.5,HR
81.24845996,0,f,27,Mining,HR,youjs,no,m,white,bus,3,5.5,7.2,4.8,6.7,HR
23.03080082,0,f,24,Retail,HR,friends,my head,f,white,bus,5.4,4.8,4.9,7.1,6.7,HR
23.03080082,0,f,24,Retail,HR,friends,my head,f,white,bus,4.6,1.9,8,6.3,6,HR
53.48665298,1,m,41,IT,Consult,empjs,no,m,white,bus,3.8,3.4,8,7.9,6,Non-HR
55.22792608,0,f,28,IT,HR,empjs,my head,m,white,car,8.6,4.8,1,6.3,8.3,HR
89.00205339,1,m,32,Retail,Commercial,youjs,no,m,grey,car,3.8,3.4,8.7,7.9,4.4,Non-HR
4.993839836,0,f,31,manufacture,HR,youjs,no,f,white,bus,7.8,5.5,3.3,5.6,8.3,HR
9.790554415,1,f,41,Retail,HR,empjs,no,f,white,bus,3,6.9,6.4,4.8,6,HR
9.790554415,1,f,41,Retail,HR,empjs,no,f,white,bus,2.2,6.9,8,6.3,3.7,HR
9.790554415,1,f,41,Retail,HR,empjs,no,f,white,bus,3,6.9,7.2,4.8,5.2,HR
11.26899384,0,f,43,manufacture,HR,rabrecNErab,no,m,white,car,5.4,4.8,5.7,6.3,6.7,HR
58.80903491,1,f,32,transport,PR,referal,no,f,white,car,4.6,2.6,6.4,4.8,4.4,Non-HR
24.27926078,0,m,45,manufacture,HR,empjs,no,m,white,car,6.2,3.4,7.2,6.3,3.7,HR
24.27926078,0,m,45,manufacture,HR,empjs,no,m,white,car,7,5.5,5.7,6.3,6,HR
73.3963039,0,f,43,IT,HR,empjs,no,m,white,bus,7.8,6.2,4.1,4,8.3,HR
2.102669405,0,f,38,Retail,HR,empjs,no,m,grey,car,8.6,5.5,4.1,5.6,6.7,HR
2.102669405,0,f,38,Retail,HR,empjs,no,m,grey,car,8.6,3.4,4.1,7.1,6,HR
2.102669405,0,f,38,Retail,HR,empjs,no,m,grey,car,7.8,4.1,4.1,7.1,6.7,HR
8.772073922,0,f,46,etc,HR,empjs,no,f,white,bus,6.2,4.8,7.2,5.6,6.7,HR
86.04517454,0,f,35,etc,HR,KA,no,f,white,car,3,7.6,7.2,4.8,2.9,HR
19.44969199,0,m,38,manufacture,HR,recNErab,no,m,white,foot,6.2,4.1,6.4,6.3,5.2,HR
19.44969199,0,m,38,manufacture,HR,recNErab,no,m,white,foot,8.6,2.6,7.2,4.8,4.4,HR
20.59958932,1,f,26,manufacture,HR,referal,no,m,white,car,3,4.8,7.2,7.9,5.2,HR
20.59958932,1,f,26,manufacture,HR,referal,no,m,white,car,3,5.5,5.7,7.1,5.2,HR
7.852156057,0,f,27,Telecom,HR,youjs,no,f,white,bus,7,4.8,4.1,4.8,7.5,HR
7.852156057,0,f,27,Telecom,HR,youjs,no,f,white,bus,5.4,6.9,8,4.8,6,HR
21.65092402,0,f,43,Building,HR,friends,no,m,white,bus,6.2,6.2,4.1,5.6,6.7,HR
20.76386037,0,m,26,Telecom,HR,youjs,yes,f,white,bus,3,6.9,4.9,4.8,7.5,HR
33.97125257,0,f,25,Banks,HR,youjs,yes,f,white,bus,7,6.2,3.3,3.3,3.7,HR
99.77823409,0,f,26,transport,HR,youjs,yes,f,white,bus,5.4,2.6,7.2,7.1,5.2,HR
99.77823409,0,f,26,transport,HR,youjs,yes,f,white,bus,5.4,4.1,8.7,4.8,2.9,HR
60.78028747,0,f,33,PowerGeneration,HR,empjs,my head,f,white,car,7.8,6.2,6.4,7.9,6,HR
60.78028747,0,f,33,PowerGeneration,HR,empjs,my head,f,white,car,3.8,3.4,5.7,8.7,7.5,HR
51.58110883,0,f,38,manufacture,HR,referal,no,m,white,car,3.8,6.9,4.9,4.8,6,HR
5.585215606,0,f,32,IT,HR,youjs,yes,m,white,bus,6.2,3.4,8,3.3,3.7,HR
6.866529774,0,f,45,etc,HR,empjs,no,f,white,car,4.6,4.8,8.7,4.8,6,HR
23.9835729,0,m,32,Retail,HR,rabrecNErab,no,f,white,bus,7.8,2.6,5.7,8.7,5.2,HR
9.691991786,0,f,35,RealEstate,HR,rabrecNErab,no,m,white,car,7.8,3.4,5.7,4,6,HR
73.29774127,1,f,24,Retail,HR,rabrecNErab,my head,f,white,bus,5.4,8.4,4.1,4.8,6,HR
73.29774127,1,f,24,Retail,HR,rabrecNErab,my head,f,white,bus,7.8,5.5,4.1,4.8,5.2,HR
34.56262834,1,m,31,Retail,BusinessDevelopment,KA,my head,m,white,car,9.4,4.8,4.1,7.1,5.2,Non-HR
34.56262834,1,m,31,Retail,BusinessDevelopment,KA,my head,m,white,car,7.8,4.8,3.3,7.1,5.2,Non-HR
42.90759754,0,f,24,Banks,HR,youjs,my head,f,white,bus,6.2,6.2,4.1,4.8,6,HR
70.93223819,0,m,26,Pharma,HR,referal,my head,f,white,bus,4.6,4.1,5.7,8.7,5.2,HR
5.35523614,0,f,34,Retail,HR,rabrecNErab,no,f,white,car,6.2,5.5,6.4,7.1,6,HR
43.17043121,0,f,42,Mining,HR,friends,no,m,white,bus,4.6,6.2,7.2,6.3,6,HR
11.72895277,0,f,27,PowerGeneration,Finanñe,youjs,my head,m,white,bus,6.2,3.4,6.4,7.1,6.7,Non-HR
4.468172485,0,f,35,manufacture,HR,friends,no,m,white,car,7,4.1,6.4,6.3,6.7,HR
55.12936345,0,f,37,Consult,HR,friends,no,m,white,bus,6.2,6.2,2.6,4.8,8.3,HR
55.12936345,0,f,37,Consult,HR,friends,no,m,white,bus,5.4,7.6,4.9,2.5,6.7,HR
0.887063655,0,f,30,IT,HR,empjs,no,m,grey,bus,10,3.4,3.3,4,7.5,HR
13.8973306,1,f,27,Retail,HR,youjs,no,m,white,car,8.6,4.8,7.2,4,3.7,HR
49.70841889,0,m,26,Mining,HR,rabrecNErab,my head,m,white,car,7,3.4,4.9,7.9,9,HR
7.12936345,0,f,27,IT,HR,rabrecNErab,no,m,white,bus,7,6.2,4.1,4.8,8.3,HR
2.792607803,1,f,23,Building,HR,friends,no,f,white,bus,7,5.5,4.1,5.6,8.3,HR
9.067761807,0,f,54,etc,HR,friends,no,m,white,car,4.6,8.4,5.7,4,4.4,HR
113.8398357,0,f,21,Retail,HR,empjs,my head,f,white,bus,2.2,4.8,8.7,7.9,5.2,HR
113.8398357,0,f,21,Retail,HR,empjs,my head,f,white,bus,3.8,3.4,8.7,7.1,3.7,HR
66.69404517,0,f,32,Telecom,HR,KA,no,m,white,car,7.8,4.8,2.6,8.7,7.5,HR
66.69404517,0,f,32,Telecom,HR,KA,no,m,white,car,8.6,4.1,1.8,8.7,8.3,HR
92.64887064,0,f,25,manufacture,HR,youjs,my head,f,white,foot,4.6,7.6,9.5,2.5,1.3,HR
92.64887064,0,f,25,manufacture,HR,youjs,my head,f,white,foot,5.4,5.5,7.2,5.6,2.9,HR
57.69199179,0,f,28,Retail,HR,youjs,no,f,white,car,5.4,5.5,6.4,2.5,4.4,HR
3.811088296,0,f,33,Retail,HR,youjs,no,m,white,bus,1.4,6.9,8,6.3,5.2,HR
106.2176591,0,f,23,Retail,HR,rabrecNErab,no,m,white,bus,5.4,5.5,5.7,4.8,9.8,HR
19.51540041,0,f,31,Retail,HR,empjs,my head,f,white,bus,5.4,7.6,6.4,4.8,6,HR
19.51540041,0,f,31,Retail,HR,empjs,my head,f,white,bus,6.2,6.2,6.4,4,6,HR
15.11293634,1,f,23,Retail,HR,youjs,no,f,white,car,7.8,4.8,3.3,6.3,7.5,HR
22.24229979,0,f,46,IT,HR,friends,yes,f,white,bus,3,6.9,6.4,5.6,6,HR
22.24229979,0,f,46,IT,HR,friends,yes,f,white,bus,7,6.2,5.7,4.8,4.4,HR
26.80903491,1,f,34,Banks,HR,youjs,no,f,white,bus,1.4,6.9,8,4,5.2,HR
5.749486653,0,f,26,Retail,Commercial,empjs,yes,f,white,bus,3.8,4.8,7.2,5.6,4.4,Non-HR
10.11909651,0,f,30,RealEstate,HR,empjs,no,m,grey,car,7.8,4.8,3.3,5.6,6.7,HR
10.11909651,0,f,30,RealEstate,HR,empjs,no,m,grey,car,10,4.1,1.8,6.3,8.3,HR
52.00821355,0,f,29,Retail,HR,empjs,my head,f,white,bus,6.2,6.9,8.7,3.3,2.9,HR
105.8234086,0,f,32,IT,HR,referal,no,f,white,bus,4.6,7.6,4.1,4.8,6,HR
3.482546201,0,m,37,IT,IT,youjs,no,m,white,foot,4.6,6.2,4.9,6.3,4.4,Non-HR
7.523613963,0,f,39,etc,HR,youjs,no,m,white,bus,7,4.8,6.4,5.6,5.2,HR
16.06570842,0,f,50,Building,HR,rabrecNErab,no,m,white,bus,6.2,6.2,6.4,3.3,6.7,HR
43.26899384,0,f,51,Consult,HR,empjs,no,m,white,bus,3.8,7.6,5.7,6.3,5.2,HR
20.89527721,0,f,33,IT,HR,rabrecNErab,my head,f,white,bus,3.8,6.2,6.4,4.8,6.7,HR
1.18275154,0,f,25,Retail,PR,friends,my head,f,white,bus,7,9.1,1.8,4.8,6,Non-HR
132.8952772,0,f,32,manufacture,HR,rabrecNErab,no,m,white,bus,3.8,5.5,8.7,3.3,3.7,HR
132.8952772,0,f,32,manufacture,HR,rabrecNErab,no,m,white,bus,3,6.9,6.4,3.3,2.9,HR
93.8973306,0,m,23,manufacture,IT,youjs,no,m,white,bus,5.4,4.8,5.7,6.3,5.2,Non-HR
21.88090349,0,f,38,manufacture,HR,youjs,no,f,white,foot,7,1.9,9.5,5.6,6,HR
21.88090349,0,f,38,manufacture,HR,youjs,no,f,white,foot,6.2,2.6,8.7,6.3,6,HR
21.88090349,0,f,38,manufacture,HR,youjs,no,f,white,foot,5.4,2.6,10,3.3,3.7,HR
21.88090349,0,f,38,manufacture,HR,youjs,no,f,white,foot,4.6,5.5,10,2.5,5.2,HR
11.92607803,0,f,27,Retail,HR,youjs,my head,m,grey,bus,7,4.8,6.4,4.8,7.5,HR
3.416837782,1,f,39,Building,HR,KA,no,m,grey,bus,8.6,4.8,3.3,4,6.7,HR
58.94045175,0,f,29,etc,HR,rabrecNErab,my head,f,white,bus,6.2,7.6,4.1,4,8.3,HR
23.55646817,0,f,31,Consult,HR,KA,no,m,grey,car,7,6.9,1.8,6.3,10,HR
16.62422998,0,f,32,Banks,HR,rabrecNErab,no,m,grey,bus,6.2,2.6,2.6,10,7.5,HR
4.501026694,0,m,24,Consult,HR,youjs,my head,m,white,bus,6.2,4.8,6.4,7.1,7.5,HR
36.73100616,0,f,24,PowerGeneration,HR,rabrecNErab,yes,f,white,bus,4.6,6.9,7.2,5.6,4.4,HR
36.73100616,0,f,24,PowerGeneration,HR,rabrecNErab,yes,f,white,bus,6.2,4.8,4.9,4.8,3.7,HR
72.57494867,0,m,26,IT,IT,youjs,my head,f,white,bus,4.6,4.1,6.4,4.8,4.4,Non-HR
52.10677618,0,f,30,Retail,Sales,youjs,my head,f,white,bus,6.2,4.8,5.7,5.6,8.3,Non-HR
13.5687885,1,f,33,manufacture,HR,recNErab,no,m,white,car,6.2,4.8,2.6,5.6,6.7,HR
6.176591376,1,f,34,Retail,HR,youjs,no,f,white,bus,3.8,7.6,8.7,4,4.4,HR
60.25462012,1,f,22,Building,HR,rabrecNErab,my head,f,white,car,6.2,7.6,6.4,2.5,4.4,HR
3.482546201,0,f,28,manufacture,HR,youjs,no,m,white,bus,3.8,6.2,6.4,5.6,3.7,HR
7.852156057,0,f,41,Retail,HR,rabrecNErab,no,m,white,bus,1.4,4.8,8.7,5.6,2.1,HR
7.852156057,0,f,41,Retail,HR,rabrecNErab,no,m,white,bus,3,8.4,8,3.3,2.1,HR
1.80698152,1,m,27,Retail,Sales,empjs,no,m,white,bus,3,4.1,9.5,7.1,5.2,Non-HR
1.445585216,0,f,29,IT,HR,youjs,my head,m,white,bus,6.2,6.2,4.9,5.6,6,HR
72.67351129,0,f,35,etc,HR,youjs,no,m,white,car,4.6,4.8,8,6.3,4.4,HR
60.94455852,1,f,25,IT,HR,youjs,no,m,white,car,5.4,4.8,6.4,6.3,7.5,HR
44.94455852,0,m,33,Retail,HR,youjs,my head,f,white,bus,2.2,7.6,6.4,4.8,7.5,HR
90.51334702,1,f,22,IT,HR,friends,my head,f,white,bus,3,5.5,9.5,6.3,3.7,HR
6.439425051,1,m,24,manufacture,Marketing,empjs,my head,m,white,car,7.8,5.5,1.8,6.3,6.7,Non-HR
9.330595483,0,f,23,Banks,HR,empjs,my head,f,white,bus,3.8,6.2,6.4,7.1,5.2,HR
7.195071869,0,m,27,IT,HR,empjs,no,f,grey,bus,7.8,4.8,3.3,6.3,6.7,HR
24.27926078,0,m,27,transport,HR,friends,no,f,white,bus,3,7.6,8.7,3.3,2.9,HR
44.55030801,0,f,30,manufacture,HR,rabrecNErab,no,f,white,car,7,5.5,4.1,5.6,6.7,HR
16,1,f,26, HoReCa,HR,friends,no,m,white,bus,6.2,2.6,4.9,7.9,6,HR
166.0780287,1,m,30,Banks,Finanñe,rabrecNErab,my head,m,white,car,3.8,4.8,9.5,4,2.1,Non-HR
51.74537988,0,m,32,etc,HR,KA,no,f,white,bus,5.4,9.1,4.9,3.3,6.7,HR
59.76180698,0,f,38,Banks,HR,recNErab,yes,m,white,car,3.8,6.9,4.1,5.6,3.7,HR
30.12731006,0,f,34,manufacture,HR,rabrecNErab,yes,m,white,bus,4.6,5.5,7.2,4.8,6,HR
12.32032854,0,f,26,Retail,HR,empjs,no,m,white,car,6.2,2.6,8,6.3,7.5,HR
89.36344969,1,f,22,PowerGeneration,HR,recNErab,no,m,white,bus,7,4.8,4.9,6.3,7.5,HR
74.05338809,1,f,21,manufacture,Finanñe,rabrecNErab,my head,f,white,car,5.4,4.1,6.4,6.3,7.5,Non-HR
45.07597536,0,f,28,IT,HR,recNErab,no,f,white,bus,6.2,6.9,1.8,5.6,7.5,HR
5.749486653,0,m,32,manufacture,HR,KA,no,m,white,bus,2.2,4.1,5.7,8.7,6,HR
20.96098563,1,f,24,Retail,Commercial,youjs,my head,m,white,bus,4.6,7.6,7.2,3.3,6.7,Non-HR
21.15811088,0,m,49,Retail,Finanñe,rabrecNErab,no,m,white,bus,7,4.8,4.9,7.1,6,Non-HR
19.94250513,1,f,23,manufacture,Commercial,youjs,my head,f,white,bus,6.2,3.4,6.4,7.1,2.9,Non-HR
29.24024641,1,f,42,Retail,HR,empjs,no,m,grey,bus,3.8,5.5,5.7,4.8,3.7,HR
19.35112936,0,f,45,Retail,HR,friends,no,f,white,foot,3.8,6.9,8,6.3,5.2,HR
112.788501,0,m,23,Retail,HR,empjs,no,f,white,car,4.6,1.9,7.2,5.6,7.5,HR
48.62422998,0,f,40,manufacture,HR,youjs,yes,m,white,bus,6.2,6.2,6.4,5.6,5.2,HR
103.5893224,0,f,25,Retail,HR,youjs,no,m,white,bus,7.8,3.4,5.7,5.6,8.3,HR
52.79671458,0,f,29,Retail,HR,empjs,my head,f,white,bus,6.2,6.9,8.7,3.3,2.9,HR
33.67556468,0,m,42,manufacture,Engineer,youjs,no,m,white,car,1.4,4.1,9.5,7.1,5.2,Non-HR
65.3798768,0,m,32,etc,HR,recNErab,no,f,white,car,5.4,5.5,4.9,8.7,7.5,HR
50.0698152,0,f,37,Telecom,HR,empjs,no,f,white,bus,3.8,8.4,4.9,4,8.3,HR
31.34291581,0,f,22,Consult,HR,youjs,my head,f,white,foot,6.2,4.1,8,4,1.3,HR
31.34291581,0,f,22,Consult,HR,youjs,my head,f,white,foot,4.6,4.1,9.5,6.3,1.3,HR
142.75154,0,m,27,Retail,Sales,referal,no,m,white,car,3.8,6.2,4.1,7.9,5.2,Non-HR
4.1724846,0,f,28,etc,HR,youjs,no,m,white,bus,3.8,6.2,6.4,5.6,3.7,HR
49.47843943,0,m,31,Retail,Consult,youjs,no,f,white,bus,5.4,4.8,2.6,8.7,9.8,Non-HR
2.135523614,0,m,38,manufacture,HR,KA,no,f,white,car,5.4,4.1,8,7.1,8.3,HR
2.135523614,0,m,38,manufacture,HR,KA,no,f,white,car,3,5.5,7.2,7.9,6,HR
75.8275154,0,f,23,Telecom,HR,rabrecNErab,my head,f,white,bus,2.2,6.2,8.7,4,2.1,HR
67.4825462,0,f,36,Retail,HR,KA,no,f,white,bus,4.6,6.9,3.3,6.3,9,HR
9.133470226,0,f,22,IT,HR,youjs,my head,m,white,bus,7.8,8.4,2.6,4,6.7,HR
9.133470226,0,f,22,IT,HR,youjs,my head,m,white,bus,7.8,7.6,3.3,4.8,6.7,HR
33.28131417,0,f,40,State,HR,friends,no,f,white,bus,3,6.9,8,4,3.7,HR
32,0,f,22,IT,IT,empjs,my head,m,white,foot,7,3.4,4.9,7.1,6.7,Non-HR
53.42094456,0,m,37,Mining,Law,friends,no,m,white,car,3,4.8,4.1,7.1,7.5,Non-HR
45.5687885,1,f,25,Mining,HR,KA,yes,f,white,foot,7,6.2,6.4,4,5.2,HR
9.757700205,0,m,37,Retail,Sales,friends,my head,m,white,bus,6.2,4.1,4.9,7.9,6.7,Non-HR
14.55441478,0,m,30,Telecom,Sales,empjs,my head,f,grey,car,5.4,2.6,3.3,7.9,6,Non-HR
8.837782341,0,f,24,Banks,HR,youjs,yes,f,white,bus,4.6,6.2,5.7,6.3,6.7,HR
12.78028747,1,f,35,Consult,Consult,friends,no,f,white,bus,5.4,5.5,3.3,4.8,6.7,Non-HR
14.48870637,0,m,30,Retail,Commercial,recNErab,no,m,grey,car,3.8,4.1,8.7,4.8,5.2,Non-HR
14.48870637,0,m,30,Retail,Commercial,recNErab,no,m,grey,car,5.4,3.4,9.5,6.3,3.7,Non-HR
14.48870637,0,m,30,etc,Commercial,recNErab,no,m,grey,car,3.8,4.1,8.7,4.8,5.2,Non-HR
14.48870637,0,m,30,etc,Commercial,recNErab,no,m,grey,car,5.4,3.4,9.5,6.3,3.7,Non-HR
1.675564682,0,m,36,Telecom,HR,friends,my head,f,white,car,5.4,4.8,6.4,4.8,6.7,HR
113.0513347,0,f,30,Banks,HR,rabrecNErab,yes,f,white,car,4.6,6.9,4.1,6.3,7.5,HR
48.6899384,0,f,25,IT,HR,youjs,yes,f,white,bus,6.2,3.4,7.2,2.5,3.7,HR
48.6899384,0,f,25,IT,HR,youjs,yes,f,white,bus,6.2,5.5,7.2,7.1,4.4,HR
29.30595483,1,f,25,IT,HR,empjs,yes,f,white,bus,6.2,8.4,5.7,4,6,HR
13.10882957,1,f,26,Agriculture,HR,friends,no,f,white,car,3,3.4,6.4,7.1,6,HR
7.12936345,1,f,21,Consult,HR,youjs,my head,m,white,bus,5.4,6.9,7.2,2.5,4.4,HR
54.9650924,0,m,22,Banks,IT,friends,my head,m,white,bus,5.4,5.5,6.4,7.9,6,Non-HR
74.74332649,1,f,25,Retail,HR,youjs,no,m,white,car,4.6,2.6,8,4,2.9,HR
84.89527721,0,f,31,IT,HR,youjs,no,f,white,car,4.6,3.4,7.2,7.1,4.4,HR
35.94250513,0,m,33,Consult,Consult,youjs,yes,m,white,bus,5.4,4.8,2.6,7.9,9,Non-HR
50.23408624,0,f,38,etc,HR,friends,no,m,white,bus,7.8,7.6,2.6,5.6,7.5,HR
57.52772074,0,m,24,State,IT,empjs,my head,m,white,bus,6.2,3.4,2.6,7.1,5.2,Non-HR
4.76386037,0,m,30,Retail,HR,youjs,no,m,white,bus,7.8,2.6,4.1,8.7,6.7,HR
30.71868583,0,f,32,manufacture,HR,youjs,no,m,white,bus,4.6,2.6,7.2,6.3,5.2,HR
55.95071869,0,f,28,Mining,HR,empjs,my head,f,white,car,5.4,4.8,4.9,7.9,5.2,HR
58.4476386,0,m,24,etc,Marketing,rabrecNErab,my head,f,white,bus,6.2,5.5,3.3,7.9,6.7,Non-HR
38.89938398,0,m,36,manufacture,manage,friends,no,m,white,car,4.6,4.8,4.1,7.1,10,Non-HR
9.49486653,0,f,26,IT,IT,empjs,no,m,white,foot,6.2,5.5,5.7,6.3,5.2,Non-HR
42.57905544,0,f,26,Banks,HR,youjs,no,f,white,car,6.2,6.2,5.7,5.6,7.5,HR
42.57905544,0,f,26,Banks,HR,youjs,no,f,white,car,6.2,7.6,4.1,4.8,9,HR
114.8583162,1,f,26,Retail,HR,KA,no,f,white,bus,7,5.5,4.9,4.8,7.5,HR
18.7926078,0,m,30,Banks,Marketing,youjs,no,m,white,bus,7,2.6,4.1,8.7,9,Non-HR
10.51334702,0,m,37,Retail,Sales,friends,my head,m,white,bus,6.2,4.1,4.9,7.9,6.7,Non-HR
51.08829569,1,f,31,PowerGeneration,HR,youjs,no,f,white,bus,6.2,2.6,4.9,6.3,6.7,HR
40.47638604,0,m,26,transport,etc,referal,my head,m,white,bus,6.2,3.4,5.7,6.3,7.5,Non-HR
5.420944559,1,m,44,manufacture,BusinessDevelopment,youjs,no,m,white,car,3,6.2,10,4,3.7,Non-HR
71.22792608,1,f,23,Consult,HR,empjs,no,f,white,bus,3.8,4.1,8,7.9,5.2,HR
15.34291581,0,m,33,PowerGeneration,manage,friends,no,m,white,bus,4.6,6.2,9.5,5.6,4.4,Non-HR
21.48665298,0,f,31,State,etc,advert,no,f,white,foot,9.4,5.5,3.3,3.3,5.2,Non-HR
12.32032854,0,m,36,manufacture,HR,friends,no,m,white,bus,7,4.8,4.1,4,4.4,HR
3.252566735,1,f,39,manufacture,HR,youjs,no,m,white,bus,2.2,9.8,7.2,3.3,2.1,HR
11.79466119,0,f,29,Retail,HR,KA,my head,f,white,bus,4.6,4.1,8.7,4.8,4.4,HR
108.8788501,1,f,32,Banks,HR,recNErab,no,m,white,bus,7.8,7.6,4.1,1.7,5.2,HR
21.88090349,0,f,41,Retail,HR,youjs,no,m,grey,car,7.8,7.6,4.1,1.7,5.2,HR
37.32238193,0,m,25,etc,etc,referal,yes,m,white,car,4.6,5.5,8.7,4,3.7,Non-HR
23.95071869,1,m,34,Banks,BusinessDevelopment,referal,no,m,white,bus,9.4,4.8,4.1,7.1,5.2,Non-HR
23.95071869,1,m,34,Banks,BusinessDevelopment,referal,no,m,white,bus,7.8,4.8,3.3,7.1,5.2,Non-HR
51.31827515,0,f,43,Pharma,HR,youjs,no,f,white,car,4.6,5.5,3.3,7.9,7.5,HR
15.60574949,0,m,54,Retail,Sales,empjs,my head,m,white,bus,7.8,2.6,4.9,8.7,7.5,Non-HR
1.149897331,0,m,30,IT,Sales,recNErab,no,f,white,foot,7.8,3.4,1.8,7.1,7.5,Non-HR
51.8110883,0,f,23,etc,HR,youjs,my head,f,white,bus,7,8.4,4.9,3.3,6.7,HR
61.79876797,1,m,22,IT,IT,youjs,no,m,white,bus,3.8,7.6,4.9,5.6,6,Non-HR
45.43737166,0,f,35,etc,HR,rabrecNErab,no,f,white,bus,6.2,5.5,4.9,6.3,6,HR
17.24845996,0,f,37,Building,HR,rabrecNErab,no,m,white,bus,6.2,2.6,7.2,7.1,2.9,HR
25.98767967,0,m,23,Consult,Marketing,advert,my head,m,white,foot,6.2,6.2,7.2,4.8,5.2,Non-HR
19.05544148,0,f,26,IT,HR,youjs,yes,m,grey,bus,3.8,3.4,8.7,7.1,6,HR
29.70020534,0,m,47,IT,Consult,rabrecNErab,no,m,white,bus,1.4,5.5,6.4,10,5.2,Non-HR
29.70020534,0,m,47,IT,Consult,rabrecNErab,no,m,white,bus,2.2,5.5,7.2,9.4,6,Non-HR
59.86036961,1,f,27,Retail,HR,youjs,my head,f,white,car,6.2,6.9,4.1,5.6,6,HR
51.84394251,0,f,34,IT,BusinessDevelopment,friends,my head,m,white,car,4.6,4.1,4.9,9.4,6.7,Non-HR
58.97330595,0,m,25,Retail,etc,youjs,no,f,white,bus,4.6,4.8,6.4,7.9,6.7,Non-HR
85.48665298,0,m,29,Retail,Finanñe,youjs,yes,m,white,bus,3.8,2.6,9.5,7.1,2.1,Non-HR
118.899384,1,f,31,Telecom,HR,rabrecNErab,no,m,white,bus,9.4,8.4,3.3,3.3,8.3,HR
32.32854209,1,f,31,transport,HR,empjs,no,m,white,bus,7,4.8,6.4,2.5,4.4,HR
38.86652977,1,f,32,manufacture,HR,empjs,no,m,white,car,5.4,4.8,7.2,4,8.3,HR
56.77207392,1,f,36,etc,HR,youjs,no,m,white,bus,4.6,4.1,6.4,7.1,2.1,HR
56.77207392,1,f,36,etc,HR,youjs,no,m,white,bus,5.4,3.4,6.4,4.8,2.9,HR
9.691991786,0,f,34,Retail,HR,youjs,my head,f,grey,car,4.6,4.8,4.1,7.1,9,HR
7.950718686,0,f,39,manufacture,HR,empjs,no,m,white,bus,7.8,4.1,2.6,7.9,6.7,HR
8.87063655,1,f,38,Building,HR,empjs,yes,f,grey,bus,3.8,4.1,5.7,4.8,9,HR
8.27926078,1,m,29,Retail,Sales,friends,my head,m,white,bus,8.6,4.8,2.6,8.7,7.5,Non-HR
8.772073922,0,f,32,Retail,HR,rabrecNErab,no,m,grey,car,6.2,4.8,5.7,4,7.5,HR
3.121149897,0,f,32,IT,IT,youjs,my head,m,white,car,9.4,6.2,4.1,4.8,7.5,Non-HR
3.121149897,0,f,32,IT,IT,youjs,my head,m,white,car,7,6.2,5.7,4.8,5.2,Non-HR
33.01848049,0,f,23,etc,etc,youjs,no,f,white,bus,5.4,6.2,7.2,3.3,2.1,Non-HR
5.815195072,1,f,25,Retail,manage,rabrecNErab,no,m,white,bus,4.6,5.5,6.4,5.6,7.5,Non-HR
5.256673511,1,m,34,IT,Sales,friends,no,m,white,car,3,6.2,8,4.8,2.9,Non-HR
19.18685832,0,f,43,Consult,Consult,empjs,yes,m,white,foot,6.2,5.5,3.3,7.9,9,Non-HR
8.180698152,0,m,30,IT,IT,empjs,my head,m,white,car,3.8,5.5,2.6,9.4,3.7,Non-HR
27.86036961,0,f,31,manufacture,HR,referal,my head,f,white,car,9.4,5.5,2.6,4.8,5.2,HR
3.318275154,0,f,25,Banks,HR,youjs,yes,m,white,car,7,2.6,4.9,7.9,5.2,HR
11.72895277,0,f,22,Consult,manage,youjs,my head,m,white,bus,7,4.8,5.7,7.1,7.5,Non-HR
27.56468172,0,m,41,Agriculture,etc,youjs,no,f,white,car,3.8,6.9,2.6,7.1,6.7,Non-HR
36.33675565,0,f,32,manufacture,HR,KA,no,m,white,bus,7,9.1,3.3,2.5,6,HR
78.91581109,1,m,21,Retail,manage,friends,no,f,grey,foot,4.6,6.9,4.9,7.1,6,Non-HR
23.45790554,0,f,29,etc,HR,rabrecNErab,no,f,white,car,6.2,9.1,4.1,3.3,6.7,HR
23.45790554,0,f,29,etc,HR,rabrecNErab,no,f,white,car,7,7.6,3.3,3.3,6.7,HR
132.4024641,0,m,25,Retail,IT,empjs,my head,m,white,bus,4.6,6.9,2.6,4.8,6,Non-HR
45.79876797,1,f,27,etc,HR,youjs,my head,f,white,bus,3.8,9.1,4.1,4.8,4.4,HR
32.45995893,1,f,32,Banks,HR,youjs,no,m,white,bus,3.8,4.1,6.4,7.9,6.7,HR
45.53593429,1,m,39,Mining,etc,friends,no,m,white,foot,3.8,6.9,4.1,7.1,7.5,Non-HR
43.4661191,0,m,28,manufacture,HR,youjs,my head,f,white,car,6.2,3.4,4.9,6.3,6.7,HR
97.44558522,0,f,28,Banks,Sales,KA,no,m,white,car,7.8,4.8,3.3,6.3,7.5,Non-HR
25.33059548,0,f,32,Retail,HR,recNErab,yes,m,white,bus,8.6,3.4,3.3,6.3,2.1,HR
29.96303901,0,m,32,IT,IT,empjs,my head,m,white,bus,3.8,7.6,4.9,4.8,4.4,Non-HR
52.73100616,1,f,45,manufacture,HR,KA,no,m,grey,bus,5.4,4.1,8,4.8,3.7,HR
52.73100616,1,f,45,manufacture,HR,KA,no,m,grey,bus,5.4,5.5,5.7,4,8.3,HR
52.73100616,1,f,45,manufacture,HR,KA,no,m,grey,bus,3.8,8.4,5.7,3.3,7.5,HR
20.46817248,0,f,31,Consult,HR,youjs,my head,m,white,bus,2.2,6.9,6.4,4.8,2.1,HR
42.94045175,1,m,23,Banks,HR,rabrecNErab,my head,f,white,bus,4.6,7.6,5.7,4,5.2,HR
89.36344969,1,f,22,PowerGeneration,HR,recNErab,no,m,white,bus,7,4.8,4.9,6.3,7.5,HR
90.90759754,0,m,32,IT,IT,referal,yes,m,white,car,7,4.1,4.1,5.6,6,Non-HR
9.921971253,0,f,20,IT,IT,empjs,my head,m,white,bus,9.4,4.8,2.6,4.8,9,Non-HR
16.49281314,0,f,34,Retail,HR,youjs,no,f,white,car,9.4,5.5,1.8,4.8,6.7,HR
51.87679671,1,f,19,Agriculture,etc,referal,no,m,white,car,9.4,6.2,3.3,4,6,Non-HR
34.95687885,0,m,38,Retail,Sales,KA,no,m,white,bus,7,2.6,6.4,5.6,5.2,Non-HR
95.96714579,0,f,33,Retail,BusinessDevelopment,friends,my head,m,white,foot,4.6,3.4,6.4,6.3,6.7,Non-HR
0.755646817,1,f,43,Retail,HR,empjs,no,f,white,bus,7,5.5,4.1,4,5.2,HR
16.65708419,0,f,38,manufacture,HR,friends,my head,f,white,bus,5.4,4.8,5.7,4,3.7,HR
17.41273101,1,f,27,Retail,HR,youjs,yes,f,grey,car,7.8,5.5,5.7,6.3,6,HR
79.54004107,0,m,34, HoReCa,IT,referal,no,m,white,bus,3.8,5.5,6.4,4,4.4,Non-HR
86.83367556,1,m,24,Mining,Engineer,referal,no,m,white,bus,3.8,6.2,8,4,2.9,Non-HR
59.00616016,1,m,36,Retail,etc,empjs,no,m,white,bus,3.8,4.1,8.7,6.3,5.2,Non-HR
46.22587269,1,m,29,etc,PR,friends,no,m,white,bus,7,6.2,2.6,6.3,7.5,Non-HR
153.100616,0,m,43,IT,Sales,rabrecNErab,no,m,white,car,6.2,3.4,4.9,7.9,5.2,Non-HR
7.162217659,0,f,39,transport,HR,friends,no,f,white,bus,3,7.6,7.2,4,7.5,HR
7.162217659,0,f,39,transport,HR,friends,no,f,white,bus,1.4,8.4,8,4.8,6,HR
6.800821355,0,m,31,IT,IT,youjs,no,m,white,bus,7.8,3.4,1.8,8.7,6.7,Non-HR
79.80287474,0,m,34,IT,IT,referal,no,m,grey,bus,3.8,5.5,6.4,4,4.4,Non-HR
94.78439425,0,f,31,Retail,HR,referal,yes,m,white,foot,6.2,6.2,3.3,4,9,HR
94.78439425,0,f,31,Retail,HR,referal,yes,m,white,foot,5.4,6.2,4.9,6.3,7.5,HR
59.17043121,0,f,22,Retail,HR,youjs,yes,f,white,bus,8.6,4.8,2.6,7.1,8.3,HR
11.00616016,1,m,41,Consult,HR,youjs,no,m,white,bus,3.8,4.1,6.4,9.4,6,HR
6.800821355,0,m,25,manufacture,HR,friends,no,f,white,bus,5.4,4.8,6.4,7.1,8.3,HR
26.67761807,0,f,19,IT,HR,youjs,yes,f,white,bus,7,2.6,6.4,7.1,2.1,HR
11.56468172,0,m,41,IT,IT,youjs,no,m,white,foot,5.4,4.1,4.9,7.9,7.5,Non-HR
53.35523614,0,f,27,IT,HR,youjs,no,m,white,bus,3,5.5,6.4,6.3,4.4,HR
12.5174538,0,m,48,manufacture,Marketing,friends,no,m,white,bus,1.4,6.9,6.4,8.7,6,Non-HR
6.669404517,0,f,27,Banks,HR,youjs,no,f,white,bus,9.4,5.5,3.3,4,7.5,HR
10.61190965,0,f,41,Banks,HR,rabrecNErab,my head,m,white,bus,8.6,3.4,2.6,4.8,8.3,HR
10.61190965,0,f,41,Banks,HR,rabrecNErab,my head,m,white,bus,8.6,3.4,2.6,4.8,8.3,HR
118.8008214,0,f,34,Telecom,Accounting,KA,no,f,white,bus,4.6,5.5,7.2,6.3,3.7,Non-HR
49.41273101,0,f,51,Consult,HR,empjs,no,m,grey,bus,3.8,7.6,5.7,6.3,5.2,HR
24.83778234,0,f,29,Retail,HR,youjs,no,f,white,car,9.4,1.2,4.1,5.6,6.7,HR
